Subject,Image,Width,Height,Brightness,Contrast,Edge_Ratio
001,1-01.jpg,200,200,114.158125,48.87900747237381,3.0949999999999998
001,1-02.jpg,200,200,99.549525,41.251949011827,2.4175
001,1-04.jpg,200,200,90.695975,39.20776700858358,3.1325
001,1-09.jpg,200,200,94.8216,33.21347276994684,2.8400000000000003
001,1-10.jpg,200,200,104.20095,40.94248367035761,2.1475
001,1-12.jpg,200,200,89.670275,37.25189332670724,3.8350000000000004
001,1-13.jpg,200,200,86.38975,37.80333708731942,4.21
002,10-01.jpg,200,200,85.930925,43.92653131814957,2.0549999999999997
002,10-04.jpg,200,200,83.8114,37.00696056203481,2.8449999999999998
002,10-05.jpg,200,200,79.115375,33.39138382291718,2.445
002,10-06.jpg,200,200,79.8231,32.799275241840334,2.71
002,10-09.jpg,200,200,78.111675,30.01124462088127,2.1675
002,10-10.jpg,200,200,83.29855,39.93528349589496,2.7425
002,10-12.jpg,200,200,77.860625,33.53949462364296,2.8575
003,100-01.jpg,200,200,103.971875,38.693984467671136,2.6149999999999998
003,100-03.jpg,200,200,78.850275,32.45324186309243,4.8950000000000005
003,100-08.jpg,200,200,112.60765,50.40166724898592,4.585
003,100-09.jpg,200,200,65.72975,37.477370037630706,2.8175
003,100-11.jpg,200,200,71.730525,34.05125560422662,3.225
003,100-13.jpg,200,200,51.82655,27.21150519720473,2.8225
003,100-14.jpg,200,200,14.614725,7.417552707893285,0.0
004,101-01.jpg,200,200,119.840175,60.83038041118414,3.8600000000000003
004,101-02.jpg,200,200,114.188625,52.43771682300226,4.4025
004,101-06.jpg,200,200,98.22975,51.133901327177256,4.695
004,101-07.jpg,200,200,90.03975,54.009329471282086,4.1375
004,101-08.jpg,200,200,93.9103,53.9010037375001,4.3475
004,101-10.jpg,200,200,100.83915,61.748147561505846,2.4475000000000002
004,101-11.jpg,200,200,95.025775,48.08359554618784,3.7975000000000003
005,102-01.jpg,200,200,117.940425,44.52252211880381,2.675
005,102-03.jpg,200,200,88.9093,37.84259668032838,4.045
005,102-05.jpg,200,200,84.676625,41.62398952058025,3.485
005,102-08.jpg,200,200,91.400375,38.504224117093635,2.5075
005,102-09.jpg,200,200,129.370075,43.86740383809344,2.6175
005,102-10.jpg,200,200,110.628775,37.37230280567917,2.7225
005,102-11.jpg,200,200,82.087225,40.1916622796243,3.8025
006,103-01.jpg,200,200,119.824,46.78687875889992,2.835
006,103-03.jpg,200,200,108.779025,47.5338831261383,0.48250000000000004
006,103-05.jpg,200,200,76.56555,42.079140357159154,4.09
006,103-09.jpg,200,200,88.70155,40.20782420869724,3.61
006,103-12.jpg,200,200,72.237525,41.537057633809056,4.3999999999999995
006,103-13.jpg,200,200,59.7673,36.57694151661672,3.4675
006,103-14.jpg,200,200,17.549275,10.366466224050267,0.0
007,104-01.jpg,200,200,120.1715,40.39590001163484,3.055
007,104-03.jpg,200,200,88.3662,46.339122213956536,3.7275
007,104-04.jpg,200,200,89.322825,44.46914670891915,3.675
007,104-06.jpg,200,200,88.611925,47.14583993094592,3.9325
007,104-10.jpg,200,200,95.40525,56.29101280344403,2.6224999999999996
007,104-11.jpg,200,200,88.4136,46.85914302502768,3.945
007,104-13.jpg,200,200,54.191525,34.759970413888084,2.9475000000000002
008,105-04.jpg,200,200,70.121525,49.6956875058025,3.855
008,105-06.jpg,200,200,77.278675,47.784657215934644,3.615
008,105-08.jpg,200,200,64.1127,48.06084995825604,3.1850000000000005
008,105-10.jpg,200,200,80.9286,58.106958292789685,4.2075000000000005
008,105-11.jpg,200,200,75.626675,48.05890035617102,3.5700000000000003
008,105-12.jpg,200,200,74.112425,47.52488227885867,4.245
008,105-13.jpg,200,200,43.464225,30.191048675880324,1.8599999999999999
009,106-02.jpg,200,200,89.95345,46.82520296910095,3.6374999999999997
009,106-04.jpg,200,200,84.31425,39.61390345494243,4.237500000000001
009,106-06.jpg,200,200,100.292725,58.887539319234385,4.085
009,106-10.jpg,200,200,94.54085,45.622305742668246,4.5925
009,106-12.jpg,200,200,74.56025,37.494108469698276,5.4825
009,106-13.jpg,200,200,75.294425,37.670179040182106,3.8699999999999997
009,106-14.jpg,200,200,11.669425,9.98511117461268,0.0
010,107-02.jpg,200,200,81.37075,38.21425381238655,2.8325
010,107-04.jpg,200,200,75.808275,35.505430803250015,2.405
010,107-05.jpg,200,200,75.389475,33.40157607395757,2.1425
010,107-06.jpg,200,200,74.543825,30.009246564507,2.535
010,107-11.jpg,200,200,74.0136,29.068475450907293,2.53
010,107-12.jpg,200,200,73.539925,29.35247614758208,3.19
010,107-13.jpg,200,200,59.1123,32.542975259032474,2.3275
011,108-01.jpg,200,200,109.46915,48.27510122493272,3.3425000000000002
011,108-02.jpg,200,200,92.56555,41.991038963063296,3.58
011,108-04.jpg,200,200,84.573625,37.6203625628379,3.6875
011,108-05.jpg,200,200,84.6866,41.15037460874445,3.695
011,108-11.jpg,200,200,81.92745,35.22415629220237,3.7925
011,108-13.jpg,200,200,54.89855,31.49319700979086,2.15
011,108-14.jpg,200,200,54.898975,31.49251290305959,2.1675
012,109-01.jpg,200,200,90.1464,40.05603284200771,2.22
012,109-02.jpg,200,200,84.221075,38.27118760692402,4.0175
012,109-04.jpg,200,200,82.528675,36.955227339909236,3.5925
012,109-07.jpg,200,200,81.422,31.08703694468162,2.765
012,109-10.jpg,200,200,87.3952,33.88501316157336,2.5075
012,109-13.jpg,200,200,64.66375,33.35079363279831,2.5025
012,109-14.jpg,200,200,64.664075,33.35028379780861,2.5225
013,11-01.jpg,200,200,113.315875,41.859304795760465,3.27
013,11-05.jpg,200,200,83.623125,44.19147078605073,3.565
013,11-09.jpg,200,200,90.112375,40.539631804684355,4.407500000000001
013,11-10.jpg,200,200,88.560325,47.70978894204391,3.015
013,11-11.jpg,200,200,81.73195,44.93140660159106,3.6975000000000002
013,11-12.jpg,200,200,77.29165,43.7757003402287,3.88
013,11-13.jpg,200,200,86.048525,46.77696463350711,3.755
014,110-01.jpg,200,200,107.71835,37.64751350723578,2.325
014,110-03.jpg,200,200,90.564175,34.12358981070683,3.2750000000000004
014,110-06.jpg,200,200,90.158375,31.723069560800308,2.7325
014,110-07.jpg,200,200,105.8905,49.668683893878246,3.44
014,110-09.jpg,200,200,91.234075,27.327626751958814,2.185
014,110-10.jpg,200,200,96.758175,30.952055596831933,1.725
014,110-11.jpg,200,200,88.9538,31.16545869323922,2.565
015,111-03.jpg,200,200,87.872675,43.569391358433904,4.3475
015,111-04.jpg,200,200,77.888525,40.84647657172373,4.3825
015,111-05.jpg,200,200,78.497425,41.18434706741598,3.5125
015,111-07.jpg,200,200,78.19305,41.625064945264654,3.4825000000000004
015,111-10.jpg,200,200,87.953925,42.50570375954708,2.7675
015,111-11.jpg,200,200,75.482325,40.301592246391145,2.8375
015,111-13.jpg,200,200,38.66865,29.019103314497848,1.3
016,112-02.jpg,200,200,103.164775,48.79835626534335,4.96
016,112-03.jpg,200,200,100.121825,46.15126903639135,5.1525
016,112-05.jpg,200,200,94.3505,38.036697408555334,5.2925
016,112-10.jpg,200,200,98.3463,39.026351050412075,3.2550000000000003
016,112-11.jpg,200,200,89.992375,34.51407056345825,4.945
016,112-12.jpg,200,200,88.1903,35.2131521723063,4.507499999999999
016,112-13.jpg,200,200,50.174775,28.44513805027803,2.35
017,113-01.jpg,200,200,103.479425,37.693022254382505,2.7675
017,113-02.jpg,200,200,97.533625,37.089674026059804,2.73
017,113-03.jpg,200,200,91.312,33.55889533342836,2.6825
017,113-06.jpg,200,200,86.794,30.282903823774895,4.075
017,113-07.jpg,200,200,88.54605,30.63632369259569,3.9974999999999996
017,113-09.jpg,200,200,93.244675,33.81937180292347,3.7275
017,113-10.jpg,200,200,99.840125,35.22294301991778,2.5325
018,114-02.jpg,200,200,86.5601,42.80297463950374,2.735
018,114-05.jpg,200,200,74.9857,34.91076045447878,3.8425000000000002
018,114-07.jpg,200,200,77.942425,34.3006728814374,3.58
018,114-08.jpg,200,200,80.023975,35.05700572210033,3.4475
018,114-10.jpg,200,200,99.735025,39.07883651350658,3.0325
018,114-13.jpg,200,200,34.940775,21.206605513362458,2.2325
018,114-14.jpg,200,200,34.940925,21.206409058215748,2.235
019,115-01.jpg,200,200,106.66165,43.03892737136348,2.1350000000000002
019,115-04.jpg,200,200,88.91765,33.51371687052183,3.595
019,115-05.jpg,200,200,91.4167,35.672924061674564,3.3300000000000005
019,115-08.jpg,200,200,115.744425,43.88746012723196,3.44
019,115-10.jpg,200,200,92.7367,33.28969469835973,2.42
019,115-11.jpg,200,200,90.1549,33.477532853990304,3.415
019,115-12.jpg,200,200,89.01225,34.48469732993897,3.9475000000000002
020,116-02.jpg,200,200,79.022,35.35821355781426,2.52
020,116-04.jpg,200,200,78.895175,35.76695313720998,2.9850000000000003
020,116-08.jpg,200,200,77.639375,30.699781344650894,2.2425
020,116-09.jpg,200,200,109.503075,46.01854778830352,2.4775
020,116-10.jpg,200,200,86.59865,33.863889590203605,1.77
020,116-11.jpg,200,200,76.779,34.101919432782665,2.4425
020,116-13.jpg,200,200,50.034425,28.29138190190389,1.455
021,117-02.jpg,200,200,74.198125,46.62897298337564,3.83
021,117-05.jpg,200,200,80.258375,43.57523628575495,2.9325
021,117-06.jpg,200,200,77.7125,43.757737530064325,3.26
021,117-07.jpg,200,200,77.122625,45.01226041990532,3.805
021,117-08.jpg,200,200,77.720125,45.10974445709458,3.665
021,117-09.jpg,200,200,62.232625,46.154973844748035,3.795
021,117-13.jpg,200,200,29.182225,21.57295689165894,0.96
022,118-03.jpg,200,200,91.734525,38.01170869645792,2.8575
022,118-04.jpg,200,200,89.9131,39.2866020214271,3.8649999999999998
022,118-05.jpg,200,200,86.586675,36.094193264905854,3.105
022,118-08.jpg,200,200,86.858175,31.690150846428217,3.0675
022,118-11.jpg,200,200,84.1993,34.372210861537546,4.085
022,118-13.jpg,200,200,47.850525,28.100385802055722,1.7000000000000002
022,118-14.jpg,200,200,47.850475,28.100462937011823,1.725
023,119-01.jpg,200,200,91.98065,43.620300039975646,2.7824999999999998
023,119-03.jpg,200,200,74.1855,37.24305894727231,4.6875
023,119-04.jpg,200,200,72.2821,34.36738234998412,3.115
023,119-05.jpg,200,200,71.841375,36.60249736164699,4.7524999999999995
023,119-06.jpg,200,200,69.2524,34.20762698931337,3.1399999999999997
023,119-07.jpg,200,200,69.663275,33.06896492596003,4.0875
023,119-10.jpg,200,200,79.803675,34.303165764902445,2.485
024,12-01.jpg,200,200,91.873225,40.476128188098414,2.145
024,12-02.jpg,200,200,71.8031,33.35546027849114,2.6725
024,12-05.jpg,200,200,69.86695,37.024101578532594,3.3375000000000004
024,12-07.jpg,200,200,68.6565,27.038742717626498,3.4099999999999997
024,12-08.jpg,200,200,68.1979,27.634658231829103,1.8624999999999998
024,12-10.jpg,200,200,78.718125,33.42169761523755,1.8075
024,12-12.jpg,200,200,69.09535,30.399458192170133,3.2099999999999995
025,120-03.jpg,200,200,93.691175,40.85456831395205,3.5249999999999995
025,120-05.jpg,200,200,92.008,35.78789440579035,3.805
025,120-06.jpg,200,200,91.14995,36.15618640008235,3.25
025,120-08.jpg,200,200,88.95595,33.754071748420216,3.3375000000000004
025,120-11.jpg,200,200,89.260325,33.993315606077246,3.51
025,120-12.jpg,200,200,86.486625,33.96708879355684,4.625
025,120-14.jpg,200,200,15.727675,9.281891730373449,0.0275
026,121-02.jpg,200,200,93.820725,39.339574673277475,2.69
026,121-03.jpg,200,200,92.038075,40.17405413067463,3.3425000000000002
026,121-05.jpg,200,200,89.086675,33.63417774295033,4.6825
026,121-06.jpg,200,200,88.879975,32.30901838495523,3.8375
026,121-09.jpg,200,200,92.342175,33.31283973589425,2.1875
026,121-13.jpg,200,200,65.325125,28.259861442235966,3.3099999999999996
026,121-14.jpg,200,200,16.110375,8.04877893592407,0.0
027,122-03.jpg,200,200,70.547575,33.78373109381755,3.8625
027,122-04.jpg,200,200,73.2757,33.867676913393396,5.415
027,122-06.jpg,200,200,69.681525,33.935091699807955,4.2325
027,122-07.jpg,200,200,74.023075,35.045185012272015,3.495
027,122-10.jpg,200,200,88.976825,40.693730326911236,1.9924999999999997
027,122-11.jpg,200,200,68.158175,34.80273129611202,4.35
027,122-13.jpg,200,200,50.15285,29.236349581941656,2.8775
028,123-05.jpg,200,200,79.160125,40.89513033338291,4.185
028,123-07.jpg,200,200,84.230425,38.44757052557905,4.7575
028,123-08.jpg,200,200,84.179875,40.348733808936,4.34
028,123-09.jpg,200,200,119.816325,65.44450693904244,3.7375
028,123-11.jpg,200,200,79.1689,39.237995906901254,4.72
028,123-13.jpg,200,200,52.642125,30.259981006014772,2.3575
028,123-14.jpg,200,200,14.85965,8.616548141657423,0.20500000000000002
029,124-01.jpg,200,200,116.269725,49.05712918041959,2.8625000000000003
029,124-03.jpg,200,200,90.38425,37.46124867029261,3.9825
029,124-05.jpg,200,200,92.922325,35.317966272060104,5.06
029,124-11.jpg,200,200,90.257125,33.807216119260325,5.075
029,124-12.jpg,200,200,87.45075,33.933973749584645,5.495
029,124-13.jpg,200,200,95.0357,32.60400474650315,4.805000000000001
029,124-14.jpg,200,200,93.86455,31.935477971959337,4.775
030,125-01.jpg,200,200,107.3631,42.26444260119847,2.9499999999999997
030,125-06.jpg,200,200,80.53095,34.3388248502697,4.237500000000001
030,125-08.jpg,200,200,84.533675,36.56570819763204,3.6824999999999997
030,125-09.jpg,200,200,112.858975,56.71601305583261,3.8425000000000002
030,125-10.jpg,200,200,103.071825,40.96920997736441,1.635
030,125-11.jpg,200,200,78.19595,33.39652532221728,4.965
030,125-14.jpg,200,200,56.0315,25.760716367174265,3.56
031,126-01.jpg,200,200,112.368375,37.78096246602745,2.7875
031,126-08.jpg,200,200,95.429925,32.13188975915321,3.9675000000000002
031,126-10.jpg,200,200,103.5934,36.01905157607568,2.42
031,126-11.jpg,200,200,95.423625,33.321744655095344,3.075
031,126-12.jpg,200,200,95.7552,36.27617500453982,4.6
031,126-13.jpg,200,200,104.370125,34.90567908642339,3.8425000000000002
031,126-14.jpg,200,200,81.852625,28.55650811302697,2.8125
032,127-02.jpg,200,200,99.2649,38.19685756695176,2.88
032,127-04.jpg,200,200,89.288425,35.81655882436746,3.3375000000000004
032,127-05.jpg,200,200,90.083325,37.04320021197379,4.22
032,127-09.jpg,200,200,126.24665,43.82155763750873,2.7575
032,127-10.jpg,200,200,108.523225,33.96576453724213,2.32
032,127-12.jpg,200,200,85.414525,30.500518750086446,4.505
032,127-13.jpg,200,200,92.960225,31.08486839202275,4.0775
033,128-01.jpg,200,200,108.24685,55.880650632195575,3.56
033,128-03.jpg,200,200,81.587875,46.065928059514604,4.4174999999999995
033,128-05.jpg,200,200,75.7033,42.11440750040299,3.88
033,128-08.jpg,200,200,85.382975,40.83075746480066,4.335
033,128-10.jpg,200,200,99.877925,41.72035202025955,4.09
033,128-11.jpg,200,200,77.652375,40.50262870307772,4.1925
033,128-14.jpg,200,200,6.7106,3.6845077880227097,0.0
034,129-01.jpg,200,200,113.578575,44.48069666686185,2.405
034,129-03.jpg,200,200,94.616875,34.591787178958754,2.8449999999999998
034,129-04.jpg,200,200,92.216975,34.63655145723048,2.5425
034,129-06.jpg,200,200,89.127875,35.89316053211775,2.8449999999999998
034,129-08.jpg,200,200,84.62305,34.13423880354592,3.3425000000000002
034,129-10.jpg,200,200,101.878225,37.665546535917606,5.0225
034,129-14.jpg,200,200,10.65615,4.849780116407341,0.0
035,13-01.jpg,200,200,96.51985,61.75287730930033,3.7425
035,13-04.jpg,200,200,76.339275,46.59191257583632,6.4525
035,13-05.jpg,200,200,74.292075,42.56475028934594,6.2125
035,13-06.jpg,200,200,73.831225,40.277260209693694,5.16
035,13-07.jpg,200,200,75.72795,41.55105881680393,6.615
035,13-08.jpg,200,200,75.614025,42.43075062144641,5.92
035,13-10.jpg,200,200,88.33705,54.36696834749478,3.6475
036,130-02.jpg,200,200,95.05355,37.52417397355337,2.5275
036,130-03.jpg,200,200,90.392325,38.10825705925653,5.9174999999999995
036,130-05.jpg,200,200,90.47455,32.00132032116019,4.865
036,130-07.jpg,200,200,87.992975,28.482498585085104,4.2625
036,130-08.jpg,200,200,89.36885,29.925909337520558,3.8
036,130-10.jpg,200,200,99.286575,35.85248945009781,2.675
036,130-13.jpg,200,200,68.760375,29.225469283817752,3.855
037,131-03.jpg,200,200,90.104125,38.01591026115744,2.945
037,131-04.jpg,200,200,85.47855,37.661723140311835,2.86
037,131-06.jpg,200,200,85.79635,29.25832491236469,4.3725
037,131-07.jpg,200,200,89.155875,36.13277775074005,5.08
037,131-08.jpg,200,200,84.1596,37.18812482285172,4.632499999999999
037,131-10.jpg,200,200,100.683725,33.195294773873826,2.01
037,131-12.jpg,200,200,84.322875,31.584104019813115,5.9825
038,132-04.jpg,200,200,91.75945,35.37098861634348,4.605
038,132-06.jpg,200,200,84.49855,28.36922448530273,5.7525
038,132-07.jpg,200,200,88.72985,31.7129495471093,5.2325
038,132-08.jpg,200,200,89.435725,31.01725034113074,4.89
038,132-09.jpg,200,200,98.302175,30.34980090988036,3.5725
038,132-10.jpg,200,200,107.282275,37.45446963747284,4.1925
038,132-13.jpg,200,200,82.385625,30.410925148034792,6.1425
039,133-01.jpg,200,200,120.571475,42.840469667411156,2.4924999999999997
039,133-02.jpg,200,200,101.859925,36.36286160348736,2.905
039,133-03.jpg,200,200,94.6056,33.43923367303743,3.1075
039,133-06.jpg,200,200,90.534525,29.840775928658008,5.1225
039,133-07.jpg,200,200,93.8243,38.52518500293023,5.235
039,133-11.jpg,200,200,81.852,26.7963784120168,4.53
039,133-14.jpg,200,200,25.860925,13.007427998815716,0.7250000000000001
040,134-02.jpg,200,200,83.47985,39.15719019512891,5.475
040,134-03.jpg,200,200,80.26185,36.42360545823958,4.7325
040,134-05.jpg,200,200,75.849075,37.14080971982672,4.1075
040,134-07.jpg,200,200,81.0029,35.08721835070429,3.015
040,134-08.jpg,200,200,86.6443,36.93437189813846,4.3
040,134-09.jpg,200,200,62.612275,38.75174698416028,3.2125
040,134-12.jpg,200,200,75.551775,36.92775269833483,4.3374999999999995
041,135-01.jpg,200,200,91.889725,50.943990955012296,2.85
041,135-03.jpg,200,200,80.396,39.5629711219974,3.8925
041,135-05.jpg,200,200,80.536125,39.968847806565236,3.3075
041,135-07.jpg,200,200,85.6454,38.25696745483102,3.5525
041,135-08.jpg,200,200,84.121275,36.893841862489396,2.5
041,135-11.jpg,200,200,82.628275,38.823177942105346,3.1399999999999997
041,135-12.jpg,200,200,86.10815,37.92916626525687,4.0375000000000005
042,136-02.jpg,200,200,90.53855,37.131787782134865,2.54
042,136-03.jpg,200,200,84.061175,35.43483854371817,3.2775
042,136-05.jpg,200,200,79.63715,31.484045799063054,4.25
042,136-06.jpg,200,200,81.9482,26.689721181758344,4.77
042,136-08.jpg,200,200,81.640825,26.190565444819534,3.765
042,136-13.jpg,200,200,87.9985,33.15488572970807,5.800000000000001
042,136-14.jpg,200,200,46.34025,21.26705856336273,2.475
043,137-01.jpg,200,200,90.56215,45.79283063294406,2.8125
043,137-03.jpg,200,200,73.52795,34.23847643802949,2.9899999999999998
043,137-07.jpg,200,200,70.56985,29.389353871385126,4.5475
043,137-08.jpg,200,200,75.046175,30.91346539728885,2.7625
043,137-10.jpg,200,200,82.5158,39.54374793010901,2.98
043,137-13.jpg,200,200,74.20305,30.103439516066935,5.2
043,137-14.jpg,200,200,41.9674,18.76959342234136,2.3125
044,138-01.jpg,200,200,111.002175,66.29314346347876,2.6100000000000003
044,138-04.jpg,200,200,85.927475,43.44901339644406,5.265000000000001
044,138-05.jpg,200,200,77.444075,38.43372636623172,4.195
044,138-06.jpg,200,200,77.556675,36.659217639556566,3.9325
044,138-08.jpg,200,200,114.85185,68.62336702303014,3.25
044,138-10.jpg,200,200,109.361675,58.42034719337411,2.3924999999999996
044,138-13.jpg,200,200,74.1213,39.12777576492178,4.365
045,139-02.jpg,200,200,84.561425,41.213191783328,4.535
045,139-04.jpg,200,200,72.877125,44.832690380283616,3.9699999999999998
045,139-05.jpg,200,200,74.34715,40.25513429213098,3.02
045,139-08.jpg,200,200,59.62515,43.64081389568141,3.3325
045,139-12.jpg,200,200,67.732225,42.00796676285791,4.5475
045,139-13.jpg,200,200,82.651725,44.94012215742604,3.9774999999999996
045,139-14.jpg,200,200,52.861025,31.04178491886984,1.4075
046,14-01.jpg,200,200,105.35,49.385611264820845,3.4799999999999995
046,14-02.jpg,200,200,97.60255,43.491370793497644,3.1350000000000002
046,14-03.jpg,200,200,91.919325,42.18483514895341,3.8875
046,14-07.jpg,200,200,88.1397,36.78786802615775,4.4325
046,14-09.jpg,200,200,88.7125,35.62396516040852,4.047499999999999
046,14-12.jpg,200,200,91.12235,37.349631597614184,4.71
046,14-14.jpg,200,200,15.2009,9.578156878544013,0.245
047,140-01.jpg,200,200,100.0485,58.11819635664892,5.8625
047,140-03.jpg,200,200,78.7159,42.66861946665254,5.5325
047,140-10.jpg,200,200,80.8371,45.34264012593444,5.0325
047,140-11.jpg,200,200,77.0728,37.78613370219292,3.7475
047,140-12.jpg,200,200,73.505,34.79768059799388,3.4875000000000003
047,140-13.jpg,200,200,86.56865,39.379062167318054,5.0675
047,140-14.jpg,200,200,80.279325,36.876582034461585,4.31
048,141-01.jpg,200,200,98.973025,35.214012088221004,3.04
048,141-04.jpg,200,200,86.457875,32.72105859357816,3.1774999999999998
048,141-05.jpg,200,200,75.89445,29.21594700155208,3.91
048,141-06.jpg,200,200,80.25925,27.69892758641569,4.115
048,141-09.jpg,200,200,84.511125,30.2149404473081,4.795
048,141-10.jpg,200,200,92.60915,29.2861551979344,3.5075000000000003
048,141-13.jpg,200,200,81.7945,27.215978206744655,4.99
049,142-07.jpg,200,200,68.929375,28.110760165982263,3.8850000000000002
049,142-08.jpg,200,200,73.485575,26.898429171967923,4.095
049,142-09.jpg,200,200,74.4673,26.265887205841725,3.8774999999999995
049,142-11.jpg,200,200,67.6451,28.996630769625632,2.76
049,142-12.jpg,200,200,67.071975,28.57494697456804,3.9074999999999998
049,142-13.jpg,200,200,70.031775,29.27085436657726,2.8825
049,142-14.jpg,200,200,60.508,24.620376439039273,2.5125
050,143-01.jpg,200,200,105.4219,39.86028412329747,2.875
050,143-02.jpg,200,200,105.3556,34.51412390080328,2.6425
050,143-04.jpg,200,200,90.205875,35.91233479578256,4.005
050,143-07.jpg,200,200,89.475675,32.27764796719821,3.55
050,143-11.jpg,200,200,93.5886,35.55650503128788,4.25
050,143-12.jpg,200,200,90.112475,31.705115113722183,5.885
050,143-14.jpg,200,200,91.602875,33.08529985861357,3.4475
051,144-01.jpg,200,200,107.27705,51.590965229364535,2.91
051,144-02.jpg,200,200,81.834,43.070268097609976,3.9849999999999994
051,144-07.jpg,200,200,79.9538,38.746403259657534,2.3975
051,144-09.jpg,200,200,77.224825,38.495950809395204,2.73
051,144-11.jpg,200,200,77.327225,37.85731565760276,3.4825000000000004
051,144-13.jpg,200,200,77.403975,40.51278352815781,3.0525
051,144-14.jpg,200,200,80.07585,37.83774434050608,3.2800000000000002
052,145-02.jpg,200,200,86.779225,46.65236096275702,3.025
052,145-03.jpg,200,200,83.003325,45.769793684747754,3.3075
052,145-04.jpg,200,200,69.799,43.49403693611344,3.015
052,145-05.jpg,200,200,67.4847,42.575196017282174,2.85
052,145-08.jpg,200,200,60.78595,40.39086013688617,2.4675
052,145-10.jpg,200,200,95.76425,41.51420867531381,4.0075
052,145-14.jpg,200,200,72.5124,38.297473757938654,3.06
053,146-01.jpg,200,200,83.4789,61.51141036254981,1.9525000000000001
053,146-03.jpg,200,200,90.415325,31.278206152917,3.485
053,146-05.jpg,200,200,78.53735,38.39097100852621,3.2525
053,146-06.jpg,200,200,83.22545,35.51542161227289,3.54
053,146-07.jpg,200,200,80.95295,37.53826762515154,3.4450000000000003
053,146-09.jpg,200,200,84.8485,33.681062152936924,2.8375
053,146-13.jpg,200,200,81.4372,36.50476347218264,3.2550000000000003
054,147-03.jpg,200,200,82.3019,39.62933769809937,2.81
054,147-05.jpg,200,200,80.81815,37.643779440665895,2.9775
054,147-08.jpg,200,200,84.56755,30.8892373974739,2.635
054,147-09.jpg,200,200,85.14615,31.55083026130216,2.105
054,147-11.jpg,200,200,85.8451,35.38178989240087,3.1649999999999996
054,147-12.jpg,200,200,82.9269,34.820652009834625,3.3724999999999996
054,147-13.jpg,200,200,86.218375,34.62807802000243,2.7824999999999998
055,148-03.jpg,200,200,93.446225,37.92872602987576,3.9974999999999996
055,148-04.jpg,200,200,90.53805,36.29863223590525,4.1025
055,148-05.jpg,200,200,78.75855,33.21916618305613,5.547499999999999
055,148-08.jpg,200,200,122.76235,47.48029141104233,3.9375
055,148-09.jpg,200,200,86.542825,35.94920118750033,4.175
055,148-10.jpg,200,200,101.575625,44.86469860435234,3.9925
055,148-12.jpg,200,200,76.419775,33.48788309149109,4.6
056,149-01.jpg,200,200,104.152475,56.497527612935194,3.4299999999999997
056,149-04.jpg,200,200,81.059225,37.53609885695868,4.025
056,149-05.jpg,200,200,73.01445,37.813745400284006,2.5375
056,149-07.jpg,200,200,71.8037,41.754265845659404,2.735
056,149-08.jpg,200,200,72.9159,42.20591104561066,3.3724999999999996
056,149-09.jpg,200,200,63.6641,43.926393218542316,3.46
056,149-11.jpg,200,200,78.439875,37.50613529789993,2.2475
057,15-01.jpg,200,200,110.3671,36.96866088445726,2.4074999999999998
057,15-03.jpg,200,200,100.1348,32.84966710577141,3.3425000000000002
057,15-04.jpg,200,200,98.9691,33.41346502818886,4.075
057,15-07.jpg,200,200,97.07855,29.582441243033003,4.0075
057,15-09.jpg,200,200,97.482925,29.37535035441067,3.62
057,15-10.jpg,200,200,102.06065,32.9195142974118,2.3924999999999996
057,15-11.jpg,200,200,95.676775,29.64746027232982,4.282500000000001
058,150-01.jpg,200,200,92.30775,51.49591673072245,3.8524999999999996
058,150-02.jpg,200,200,77.77235,39.62541893125548,4.6274999999999995
058,150-03.jpg,200,200,69.647475,39.92431466067232,3.0675
058,150-05.jpg,200,200,69.0023,38.446027684404534,3.875
058,150-10.jpg,200,200,87.548,48.934905190467056,2.5749999999999997
058,150-11.jpg,200,200,63.275075,36.87536384558632,3.9875000000000003
058,150-13.jpg,200,200,66.52445,34.290451326827124,2.8225
059,151-01.jpg,200,200,103.014125,44.78004997188341,6.39
059,151-02.jpg,200,200,96.10585,33.568417385654335,5.692500000000001
059,151-03.jpg,200,200,87.555725,31.618035118020458,5.72
059,151-07.jpg,200,200,84.91545,32.944373590910786,4.115
059,151-08.jpg,200,200,85.134875,32.36094843687952,4.7925
059,151-09.jpg,200,200,116.67685,42.27616792091615,5.12
059,151-13.jpg,200,200,86.074225,32.92984308570836,4.8025
060,152-01.jpg,200,200,82.56245,34.325655856771334,1.225
060,152-02.jpg,200,200,74.94505,31.391412527911196,1.44
060,152-04.jpg,200,200,71.9551,31.932090974284787,1.9900000000000002
060,152-05.jpg,200,200,69.109725,28.169640314075277,1.5350000000000001
060,152-07.jpg,200,200,72.119825,25.213800129480184,1.3325
060,152-11.jpg,200,200,70.010675,28.58930238820764,1.77
060,152-13.jpg,200,200,71.179775,27.91853069109073,1.7375000000000003
061,153-02.jpg,200,200,81.309125,39.038645170322894,2.52
061,153-04.jpg,200,200,78.0185,36.78230359493543,2.2075
061,153-05.jpg,200,200,74.0907,31.928339661028417,3.335
061,153-07.jpg,200,200,76.298625,32.861361781115754,2.545
061,153-08.jpg,200,200,75.73125,30.680274989600402,2.6575
061,153-10.jpg,200,200,83.334925,37.0566019791936,2.3
061,153-12.jpg,200,200,71.319475,30.7775707411156,3.5325
062,154-01.jpg,200,200,88.0708,49.18319364742391,3.5925
062,154-02.jpg,200,200,78.36455,42.413394739132826,3.2925000000000004
062,154-03.jpg,200,200,74.756625,40.04910914876103,3.1274999999999995
062,154-07.jpg,200,200,77.749925,43.631110889987376,4.2875000000000005
062,154-10.jpg,200,200,77.244075,40.425347894537346,3.0974999999999997
062,154-13.jpg,200,200,75.401125,39.74595606768536,4.105
062,154-14.jpg,200,200,72.365175,34.56813810750263,4.3225
063,155-05.jpg,200,200,77.750425,44.76315993447486,2.58
063,155-06.jpg,200,200,62.901525,39.78409201771954,2.325
063,155-07.jpg,200,200,62.558025,42.95311610464804,2.825
063,155-08.jpg,200,200,56.14775,40.35667503570506,1.05
063,155-10.jpg,200,200,79.0722,48.6728429122442,4.32
063,155-12.jpg,200,200,82.981575,46.17214675017153,4.0275
063,155-14.jpg,200,200,76.08515,44.10872078713574,3.2175000000000002
064,156-03.jpg,200,200,78.4691,32.340780683063294,4.2700000000000005
064,156-04.jpg,200,200,74.23205,31.117855851544462,3.7875
064,156-07.jpg,200,200,73.42215,32.74644620989429,4.3125
064,156-08.jpg,200,200,74.478725,32.024969904347685,5.447500000000001
064,156-09.jpg,200,200,77.262725,31.97289086983495,4.2250000000000005
064,156-13.jpg,200,200,76.724875,35.03613536385506,5.025
064,156-14.jpg,200,200,45.283475,21.04794091887316,1.09
065,157-01.jpg,200,200,80.2949,41.476980772351304,2.7449999999999997
065,157-04.jpg,200,200,69.107575,39.84676652652477,2.9325
065,157-05.jpg,200,200,66.602425,35.90053006738724,2.9225000000000003
065,157-10.jpg,200,200,73.240675,34.193437974915234,1.755
065,157-11.jpg,200,200,63.6573,27.316739496323496,2.7075
065,157-12.jpg,200,200,64.122725,33.78979673768955,2.7375
065,157-14.jpg,200,200,52.06815,29.67518754073005,1.6125
066,158-04.jpg,200,200,85.92095,36.10951953567785,4.0725
066,158-05.jpg,200,200,83.650325,37.2004066159817,4.6925
066,158-07.jpg,200,200,88.0784,31.696549551015803,3.7350000000000003
066,158-09.jpg,200,200,124.327025,42.34138967546265,2.8175
066,158-10.jpg,200,200,106.5588,39.24717623676894,3.4750000000000005
066,158-11.jpg,200,200,82.34225,32.55980366859573,5.0975
066,158-14.jpg,200,200,54.060375,22.324836614393732,2.6950000000000003
067,159-03.jpg,200,200,93.466,47.763056267370494,3.5725
067,159-04.jpg,200,200,88.87425,49.843368033646165,4.195
067,159-06.jpg,200,200,85.365225,43.47464819523414,4.0625
067,159-11.jpg,200,200,88.864075,43.4510097626554,3.9350000000000005
067,159-12.jpg,200,200,83.508375,43.6589702107067,4.7625
067,159-13.jpg,200,200,72.404025,39.60686921228911,3.8150000000000004
067,159-14.jpg,200,200,40.736075,22.113686228089044,1.4375
068,16-02.jpg,200,200,60.75495,36.268232663,1.555
068,16-03.jpg,200,200,61.573725,36.02254661492403,2.6100000000000003
068,16-04.jpg,200,200,62.160725,34.94260354458974,2.7875
068,16-05.jpg,200,200,60.210375,31.63260528883726,2.0925
068,16-07.jpg,200,200,63.64895,32.59272409445857,2.2275
068,16-11.jpg,200,200,59.644575,29.957607515777607,2.015
068,16-14.jpg,200,200,60.2872,30.283989436003967,2.0774999999999997
069,160-01.jpg,200,200,84.598025,53.61229981169783,1.8849999999999998
069,160-03.jpg,200,200,71.883975,35.55496327096085,3.855
069,160-05.jpg,200,200,71.356825,34.84189648855778,2.9899999999999998
069,160-07.jpg,200,200,71.5345,33.629119966927476,2.6025
069,160-09.jpg,200,200,68.742925,34.41592854252773,2.9375
069,160-10.jpg,200,200,82.09525,36.18355050900201,2.7725
069,160-14.jpg,200,200,70.073125,35.975084819001815,3.2750000000000004
070,161-06.jpg,200,200,79.890075,48.18607933308515,4.31
070,161-07.jpg,200,200,78.7734,49.474398454554255,4.1475
070,161-08.jpg,200,200,73.2181,49.598752326948706,4.217499999999999
070,161-10.jpg,200,200,82.877575,55.534020538039336,3.705
070,161-11.jpg,200,200,84.031575,49.11892026520305,4.3275
070,161-12.jpg,200,200,82.30715,48.89900110306447,4.89
070,161-13.jpg,200,200,55.3239,34.28006255522297,3.5725
071,162-01.jpg,200,200,100.1657,52.350817505651236,3.4225
071,162-04.jpg,200,200,88.414325,46.63794817307441,3.695
071,162-06.jpg,200,200,87.4009,41.62794048700945,4.12
071,162-10.jpg,200,200,107.844875,41.88248513680122,3.8725
071,162-12.jpg,200,200,82.98575,42.78562196506555,4.9925
071,162-13.jpg,200,200,89.7962,45.280938766328596,4.63
071,162-14.jpg,200,200,80.699625,40.017211295383575,4.275
072,163-02.jpg,200,200,105.1032,46.93189586794891,3.075
072,163-03.jpg,200,200,99.151225,44.717774497389456,4.265
072,163-06.jpg,200,200,79.630375,42.16324172023985,5.0525
072,163-07.jpg,200,200,82.4003,41.57518081632358,4.569999999999999
072,163-09.jpg,200,200,96.149425,40.05161478853724,3.8850000000000002
072,163-11.jpg,200,200,77.665475,41.3224565826425,5.1425
072,163-12.jpg,200,200,74.753025,40.90722831419131,5.257499999999999
073,164-02.jpg,200,200,102.181425,37.626659564321876,3.1125
073,164-04.jpg,200,200,86.84465,37.35602048368509,4.0975
073,164-06.jpg,200,200,80.870625,31.33764488772848,4.42
073,164-07.jpg,200,200,82.519575,32.724096119211225,4.04
073,164-08.jpg,200,200,85.492375,31.709547329777116,3.1475000000000004
073,164-10.jpg,200,200,108.68675,33.55877045479318,2.3275
073,164-12.jpg,200,200,78.038375,30.073750221071116,4.4475
074,165-02.jpg,200,200,90.965125,41.04627582052207,2.2975
074,165-05.jpg,200,200,86.216425,36.10849533308436,3.1175
074,165-07.jpg,200,200,87.902275,36.37221638592258,3.2425
074,165-11.jpg,200,200,92.22955,39.78701806868039,3.7775000000000003
074,165-12.jpg,200,200,84.96445,34.55730004206781,3.775
074,165-13.jpg,200,200,72.9601,35.28329290174034,3.9025
074,165-14.jpg,200,200,14.66,10.004004198319791,0.0
075,166-02.jpg,200,200,99.996125,38.79147599646571,3.965
075,166-03.jpg,200,200,87.9766,36.3337962844512,4.117500000000001
075,166-04.jpg,200,200,84.801775,36.372614448914376,3.9899999999999998
075,166-09.jpg,200,200,88.43225,36.420569873870726,5.029999999999999
075,166-10.jpg,200,200,99.70935,40.05198899652176,6.575
075,166-12.jpg,200,200,79.64955,34.22033145364755,5.48
075,166-14.jpg,200,200,79.55605,34.17284533657536,4.6225000000000005
076,167-01.jpg,200,200,75.65235,63.520882703859684,2.8000000000000003
076,167-03.jpg,200,200,64.280875,45.631646192465766,3.6900000000000004
076,167-05.jpg,200,200,61.809525,43.62902295805368,2.965
076,167-06.jpg,200,200,70.388825,41.32992789879236,3.1550000000000002
076,167-08.jpg,200,200,69.46095,42.68019359254946,3.7125
076,167-09.jpg,200,200,62.007275,43.197046450820864,2.7550000000000003
076,167-10.jpg,200,200,70.82105,52.01899102152501,3.235
077,168-03.jpg,200,200,88.838825,43.92442711771407,5.065
077,168-06.jpg,200,200,75.01875,38.52004151655992,4.2225
077,168-07.jpg,200,200,74.054275,40.95141425182255,5.11
077,168-08.jpg,200,200,72.765075,41.103833583309175,4.1775
077,168-09.jpg,200,200,84.54035,41.62762390381536,4.31
077,168-10.jpg,200,200,84.9111,49.79452677543989,2.8875
077,168-12.jpg,200,200,77.595925,41.55085917757147,6.325
078,169-01.jpg,200,200,109.944625,43.61777571827081,3.375
078,169-04.jpg,200,200,89.2086,36.73647487225741,3.4799999999999995
078,169-05.jpg,200,200,88.20745,36.148310672803234,4.9175
078,169-08.jpg,200,200,83.230575,33.112897942786205,3.4825000000000004
078,169-11.jpg,200,200,81.6705,30.917687975493898,4.4775
078,169-12.jpg,200,200,83.7344,33.42554721526635,5.7475
078,169-14.jpg,200,200,25.577575,15.155132203955695,0.69
079,17-02.jpg,200,200,90.80425,35.4172116623754,2.88
079,17-08.jpg,200,200,93.864625,30.884166632910382,3.0325
079,17-09.jpg,200,200,92.2422,29.5666533303991,2.945
079,17-10.jpg,200,200,94.28165,32.93330037025594,1.905
079,17-12.jpg,200,200,84.670325,31.267442962199116,3.7824999999999998
079,17-13.jpg,200,200,94.12045,32.8623970792987,4.515000000000001
079,17-14.jpg,200,200,92.402625,30.362366806778667,4.1925
080,170-03.jpg,200,200,72.676725,39.88744687585776,4.324999999999999
080,170-04.jpg,200,200,71.3958,38.19146426048627,4.1674999999999995
080,170-07.jpg,200,200,84.655625,37.83505492079237,4.945
080,170-09.jpg,200,200,72.80525,37.72917402273074,4.9399999999999995
080,170-12.jpg,200,200,77.745225,35.96973748443787,5.4375
080,170-13.jpg,200,200,84.72435,36.629706074134695,6.5325
080,170-14.jpg,200,200,80.915775,34.441209054697474,6.7875000000000005
081,171-04.jpg,200,200,85.4265,41.20834742803938,3.115
081,171-06.jpg,200,200,81.00065,34.58887248202086,3.4275
081,171-09.jpg,200,200,87.852625,31.102619754763023,3.06
081,171-10.jpg,200,200,96.19205,37.934093066758564,1.9375
081,171-11.jpg,200,200,80.631925,34.97408749051753,3.8175
081,171-13.jpg,200,200,86.1908,38.726502493253896,4.6175
081,171-14.jpg,200,200,64.12555,30.58690058174414,3.1550000000000002
082,172-01.jpg,200,200,81.301225,66.0862344857034,3.3375000000000004
082,172-02.jpg,200,200,90.082625,50.798789337044,4.452500000000001
082,172-03.jpg,200,200,70.8682,51.260316315450105,3.685
082,172-07.jpg,200,200,81.99535,44.53176707000858,3.7725
082,172-09.jpg,200,200,77.542875,46.716057857383205,2.88
082,172-10.jpg,200,200,104.556375,51.170014870619056,3.795
082,172-12.jpg,200,200,77.721775,45.17076837789429,5.3025
083,173-01.jpg,200,200,94.336575,45.51863456068707,5.355
083,173-02.jpg,200,200,80.943875,40.89825210182429,4.605
083,173-06.jpg,200,200,80.87465,36.175902025761566,2.0825
083,173-08.jpg,200,200,93.49975,38.682477944639224,3.7199999999999998
083,173-10.jpg,200,200,114.16485,41.617514035289275,2.5149999999999997
083,173-12.jpg,200,200,83.413275,39.688564206511366,3.35
083,173-13.jpg,200,200,51.275325,30.78174493339153,1.625
084,174-02.jpg,200,200,88.618475,36.45851016805781,3.6125
084,174-05.jpg,200,200,80.436825,31.98172460827238,4.82
084,174-07.jpg,200,200,83.9228,39.086393926275676,6.085
084,174-10.jpg,200,200,93.500525,32.5841733012267,3.015
084,174-11.jpg,200,200,77.604775,30.466198026655295,4.677499999999999
084,174-13.jpg,200,200,65.4308,28.593814214966145,4.5375
084,174-14.jpg,200,200,21.347475,10.320621886513186,0.265
085,175-01.jpg,200,200,121.778375,43.75672642416678,3.1850000000000005
085,175-04.jpg,200,200,85.820575,43.134888219043475,3.64
085,175-07.jpg,200,200,87.79585,40.172973785587494,4.0125
085,175-08.jpg,200,200,82.128775,39.23016558720311,3.7225
085,175-09.jpg,200,200,84.77935,41.504357766112946,4.3374999999999995
085,175-10.jpg,200,200,89.388525,48.3213971582401,3.53
085,175-13.jpg,200,200,61.5055,32.428432274009175,2.3875
086,176-01.jpg,200,200,99.925825,32.790736086116986,4.1975
086,176-02.jpg,200,200,84.9751,27.07114570885392,2.8850000000000002
086,176-04.jpg,200,200,80.83905,28.092510480508857,3.8649999999999998
086,176-06.jpg,200,200,78.9434,27.8302658348784,4.02
086,176-08.jpg,200,200,86.12305,24.685372362950087,4.8774999999999995
086,176-10.jpg,200,200,99.908775,31.320116586618497,5.672499999999999
086,176-13.jpg,200,200,74.83385,27.86062443983444,3.94
087,177-02.jpg,200,200,90.626325,34.821162990261755,5.5725
087,177-04.jpg,200,200,87.3306,33.65069246895226,5.0
087,177-06.jpg,200,200,86.161375,30.406240035712653,3.4099999999999997
087,177-08.jpg,200,200,86.897575,29.610049546047286,3.6675
087,177-10.jpg,200,200,92.708275,29.415719802928074,4.1875
087,177-11.jpg,200,200,85.017,31.22738959631432,6.225
087,177-14.jpg,200,200,41.0293,16.28781266806565,0.6
088,178-01.jpg,200,200,98.2415,63.974721396423455,2.32
088,178-03.jpg,200,200,79.791675,47.294798611415764,3.7225
088,178-07.jpg,200,200,73.65065,47.40901026785415,4.8
088,178-09.jpg,200,200,73.820375,41.32709232282589,3.4825000000000004
088,178-11.jpg,200,200,72.912175,39.56168426355702,3.4475
088,178-13.jpg,200,200,72.74415,38.21225903787291,2.3175
088,178-14.jpg,200,200,71.426675,38.34240437745623,2.8275
089,179-03.jpg,200,200,96.314425,46.490595951432745,5.0325
089,179-04.jpg,200,200,91.6507,46.63832050481664,4.2525
089,179-06.jpg,200,200,83.943775,48.03771397297518,4.38
089,179-07.jpg,200,200,86.459,46.26921351179421,3.85
089,179-12.jpg,200,200,85.293575,47.77743964173232,5.225
089,179-13.jpg,200,200,91.726575,45.0772172363088,3.85
089,179-14.jpg,200,200,92.071925,46.77585490180137,4.1825
090,18-01.jpg,200,200,95.477025,44.63008819338558,2.6025
090,18-03.jpg,200,200,81.13905,37.33704480937799,3.5999999999999996
090,18-04.jpg,200,200,80.889625,35.76977274682319,4.405
090,18-07.jpg,200,200,81.61405,34.356199478369255,3.955
090,18-08.jpg,200,200,83.813275,35.49844727272413,3.8600000000000003
090,18-09.jpg,200,200,83.688475,32.17923596318556,2.29
090,18-14.jpg,200,200,77.529375,32.48018145130004,3.6174999999999997
091,180-01.jpg,200,200,84.457225,41.50761099243577,2.3
091,180-02.jpg,200,200,82.8956,40.663616423530264,2.6149999999999998
091,180-07.jpg,200,200,66.0856,24.750243890515502,4.4375
091,180-08.jpg,200,200,67.853925,26.835157668520882,3.1475000000000004
091,180-09.jpg,200,200,65.168525,21.436896331427622,2.475
091,180-12.jpg,200,200,63.73635,29.00500023577831,3.8025
091,180-14.jpg,200,200,47.804875,23.560431898298784,3.0775
092,181-01.jpg,200,200,104.42365,57.386591819670734,4.8149999999999995
092,181-03.jpg,200,200,97.43435,53.01794451011374,5.035
092,181-04.jpg,200,200,94.004725,50.56114370417638,5.3775
092,181-06.jpg,200,200,96.7933,42.824998249970776,5.7825
092,181-07.jpg,200,200,98.0364,46.987140528446716,7.4725
092,181-09.jpg,200,200,93.740475,46.83443948393506,6.17
092,181-13.jpg,200,200,100.623675,42.90691965749085,4.9575000000000005
093,182-02.jpg,200,200,95.387575,43.372988260199165,3.5575
093,182-03.jpg,200,200,92.266025,40.57234225059449,3.6575
093,182-04.jpg,200,200,90.285675,39.67857437956126,2.9850000000000003
093,182-07.jpg,200,200,114.6378,56.81274822748852,4.335
093,182-08.jpg,200,200,88.4375,31.269225186275403,3.0275
093,182-09.jpg,200,200,85.43885,32.57829124858301,3.1225
093,182-14.jpg,200,200,24.610425,17.91430312123179,0.5725
094,183-01.jpg,200,200,129.254225,52.16929264087616,3.9050000000000002
094,183-02.jpg,200,200,115.32255,39.824436737981614,2.5275
094,183-06.jpg,200,200,93.405225,40.142191864662486,5.305
094,183-07.jpg,200,200,98.721175,39.30210403552684,3.3649999999999998
094,183-08.jpg,200,200,102.019975,42.63991763593564,5.2675
094,183-13.jpg,200,200,56.4246,29.499770589616453,2.79
094,183-14.jpg,200,200,56.424875,29.49924416378113,2.7775000000000003
095,184-02.jpg,200,200,77.884725,46.2391055998532,4.1575
095,184-04.jpg,200,200,76.435,44.84042066038186,3.2800000000000002
095,184-07.jpg,200,200,73.3243,42.35403970709288,0.6224999999999999
095,184-08.jpg,200,200,60.980525,44.14262957419251,3.3024999999999998
095,184-09.jpg,200,200,64.468075,43.9296913350683,3.3924999999999996
095,184-11.jpg,200,200,69.46855,44.06872202478193,3.6174999999999997
095,184-12.jpg,200,200,67.7148,43.715216011819045,4.765
096,185-02.jpg,200,200,92.812675,35.73316504795475,3.5425
096,185-04.jpg,200,200,92.159925,36.96021102475438,3.615
096,185-05.jpg,200,200,92.742875,36.05936787763167,3.9074999999999998
096,185-08.jpg,200,200,93.820175,34.49493568582749,3.805
096,185-09.jpg,200,200,97.7118,31.518484112659987,2.7675
096,185-10.jpg,200,200,97.2373,35.823938068140976,2.19
096,185-14.jpg,200,200,67.59335,30.608739532648187,3.18
097,186-01.jpg,200,200,104.140575,43.42253808414905,3.0725
097,186-02.jpg,200,200,96.79935,38.658361185874135,2.8975
097,186-04.jpg,200,200,90.53955,37.4334901631881,3.42
097,186-05.jpg,200,200,87.450125,37.620664700193366,4.0575
097,186-08.jpg,200,200,88.9279,34.5192953518753,3.7375
097,186-13.jpg,200,200,59.1952,30.864106936051137,2.9899999999999998
097,186-14.jpg,200,200,59.1954,30.862772377736903,2.9925
098,187-02.jpg,200,200,99.417025,39.171676185087804,2.9125
098,187-03.jpg,200,200,94.193925,37.599197040553605,3.2224999999999997
098,187-04.jpg,200,200,92.6129,36.95590011879023,3.3175000000000003
098,187-05.jpg,200,200,91.19925,37.51223666268782,3.955
098,187-06.jpg,200,200,88.0377,35.232916125549416,3.1199999999999997
098,187-07.jpg,200,200,88.26545,35.59246108795372,3.4250000000000003
098,187-08.jpg,200,200,119.856025,45.41727420485927,3.0325
099,188-02.jpg,200,200,87.5752,41.80409662891904,2.83
099,188-05.jpg,200,200,80.987225,38.45094682578539,3.7350000000000003
099,188-06.jpg,200,200,79.46845,36.41636039745735,2.365
099,188-07.jpg,200,200,80.7245,35.797374900263286,3.9800000000000004
099,188-08.jpg,200,200,83.2346,44.61530077047559,4.885
099,188-09.jpg,200,200,85.25455,32.69278826128937,3.2525
099,188-10.jpg,200,200,91.2117,41.13306800021122,3.0075000000000003
100,189-02.jpg,200,200,94.039925,36.7910027179795,5.617500000000001
100,189-05.jpg,200,200,75.624175,37.62686248638564,5.93
100,189-07.jpg,200,200,78.0645,36.96709266022958,5.4075
100,189-08.jpg,200,200,76.357775,35.87789113157817,4.3625
100,189-09.jpg,200,200,80.588725,31.988353785000797,7.387499999999999
100,189-10.jpg,200,200,89.72465,37.52133369667848,6.88
100,189-13.jpg,200,200,48.90815,29.116839003873686,3.0
101,19-02.jpg,200,200,85.80095,38.23483070575179,3.06
101,19-03.jpg,200,200,85.48665,39.120501936676376,3.605
101,19-08.jpg,200,200,76.2615,28.33534661425549,2.6675
101,19-09.jpg,200,200,76.231875,28.39732749722014,2.725
101,19-10.jpg,200,200,80.922825,31.913371320175106,3.5225
101,19-11.jpg,200,200,76.650475,33.38248578632776,2.535
101,19-14.jpg,200,200,82.100875,32.361171165988026,2.605
102,190-03.jpg,200,200,82.879225,36.30062173571377,3.145
102,190-05.jpg,200,200,86.195575,36.50455348883718,3.1325
102,190-06.jpg,200,200,85.1064,31.748663421315864,2.9525
102,190-10.jpg,200,200,91.817425,36.64558965782069,3.0025
102,190-11.jpg,200,200,85.12545,32.81827558384962,2.36
102,190-13.jpg,200,200,72.5019,34.92850048871265,3.8
102,190-14.jpg,200,200,72.50225,34.92785127856422,3.7225
103,191-01.jpg,200,200,92.492575,49.53275325347234,2.9175
103,191-02.jpg,200,200,95.641425,49.09928562585585,2.54
103,191-05.jpg,200,200,79.990675,43.56251930323102,3.875
103,191-09.jpg,200,200,75.113225,32.703170413575734,2.4899999999999998
103,191-11.jpg,200,200,73.404825,35.312007755427544,3.2800000000000002
103,191-13.jpg,200,200,46.0811,27.933968081710123,2.585
103,191-14.jpg,200,200,46.081275,27.933965335669313,2.56
104,192-02.jpg,200,200,89.933825,42.11167232335205,3.1725000000000003
104,192-04.jpg,200,200,85.633825,39.776819139661924,1.8175000000000001
104,192-05.jpg,200,200,85.737825,38.44088304487001,3.2300000000000004
104,192-11.jpg,200,200,85.863875,35.67109537124386,3.66
104,192-12.jpg,200,200,84.787,37.45992499992492,4.515000000000001
104,192-13.jpg,200,200,57.91755,30.69498659386415,2.5975
104,192-14.jpg,200,200,13.98145,9.429820035265784,0.0
105,193-02.jpg,200,200,84.3432,36.47011192414962,2.7775000000000003
105,193-04.jpg,200,200,79.822225,36.70248998432361,3.53
105,193-06.jpg,200,200,79.061275,32.60663767355314,3.4825000000000004
105,193-08.jpg,200,200,81.988475,33.46890336079709,3.4174999999999995
105,193-09.jpg,200,200,82.53525,35.04959496823751,3.215
105,193-10.jpg,200,200,81.275925,35.69974496259567,1.8375
105,193-11.jpg,200,200,80.4134,34.15508893913175,3.6675
106,194-03.jpg,200,200,95.502175,35.61376763653875,3.6374999999999997
106,194-05.jpg,200,200,98.136875,36.181468878894,4.760000000000001
106,194-08.jpg,200,200,96.963,31.19537435261837,4.455
106,194-09.jpg,200,200,94.235225,28.721082747685106,3.9524999999999997
106,194-11.jpg,200,200,95.15985,32.29715928649918,5.8725
106,194-12.jpg,200,200,94.510875,33.40868946448476,4.12
106,194-14.jpg,200,200,19.13945,10.073847512122665,0.22499999999999998
107,195-01.jpg,200,200,98.161325,56.152243047311785,6.555
107,195-02.jpg,200,200,88.15735,45.763795635605874,5.815
107,195-03.jpg,200,200,96.08305,40.43230023999995,5.7700000000000005
107,195-06.jpg,200,200,88.4359,40.42679607871492,2.9749999999999996
107,195-07.jpg,200,200,83.13255,41.036813722528464,2.9125
107,195-10.jpg,200,200,72.49025,35.42097549387228,4.8175
107,195-13.jpg,200,200,57.96855,33.71221679002287,2.705
108,196-01.jpg,200,200,123.415975,49.51708583710652,3.01
108,196-02.jpg,200,200,111.004325,43.11218744501809,2.8899999999999997
108,196-06.jpg,200,200,99.543275,30.75847325980883,5.4025
108,196-09.jpg,200,200,107.9998,38.22320172303728,3.2099999999999995
108,196-11.jpg,200,200,100.0351,31.723539651022552,5.185
108,196-12.jpg,200,200,119.577075,47.24036948886381,4.805000000000001
108,196-14.jpg,200,200,70.978925,29.454026564196194,3.2224999999999997
109,197-02.jpg,200,200,92.1369,50.593453216695934,4.8475
109,197-04.jpg,200,200,78.6105,45.50138832772029,3.6900000000000004
109,197-08.jpg,200,200,74.11185,45.86853321807337,4.195
109,197-11.jpg,200,200,80.057475,44.171749134762315,3.6374999999999997
109,197-12.jpg,200,200,77.6997,42.38792894103226,4.6675
109,197-13.jpg,200,200,48.67985,32.02319712298414,1.58
109,197-14.jpg,200,200,48.67975,32.02162378670857,1.5425
110,198-01.jpg,200,200,90.5303,59.51566165229116,3.9
110,198-03.jpg,200,200,95.5887,45.915697014310915,2.9575
110,198-06.jpg,200,200,90.269875,46.43213211219548,3.1649999999999996
110,198-09.jpg,200,200,85.63645,47.90631462967591,3.305
110,198-11.jpg,200,200,97.176,44.28080310924814,3.2075
110,198-12.jpg,200,200,88.222875,43.731592718930045,3.8
110,198-14.jpg,200,200,33.505225,18.394034976028912,0.36
111,199-01.jpg,200,200,99.572725,41.551761227105345,3.37
111,199-02.jpg,200,200,90.4796,35.57285740336303,3.7325
111,199-05.jpg,200,200,84.4357,35.472679141981935,4.677499999999999
111,199-08.jpg,200,200,79.3726,34.37681368655333,4.7625
111,199-09.jpg,200,200,84.06205,29.130978352906382,3.6475
111,199-13.jpg,200,200,84.238775,30.525919502930215,5.47
111,199-14.jpg,200,200,44.2915,21.191667649102087,2.6550000000000002
112,2-01.jpg,200,200,93.74255,54.1264063974092,3.5825000000000005
112,2-03.jpg,200,200,88.98265,44.3586496523226,4.8475
112,2-04.jpg,200,200,84.348875,40.976628231644135,5.4675
112,2-05.jpg,200,200,86.84555,37.3493955131472,6.6049999999999995
112,2-07.jpg,200,200,88.00285,36.600447290675284,5.42
112,2-08.jpg,200,200,83.563575,42.21228740804477,7.0025
112,2-14.jpg,200,200,26.175075,13.089647579074656,1.405
113,20-02.jpg,200,200,75.579975,37.60951547147843,2.39
113,20-03.jpg,200,200,72.241325,35.981177541103,2.9375
113,20-07.jpg,200,200,75.893,36.90921024622445,3.975
113,20-08.jpg,200,200,74.382075,33.610966122597176,3.2925000000000004
113,20-09.jpg,200,200,108.5443,48.58970762939411,2.9250000000000003
113,20-10.jpg,200,200,82.7681,42.229018131967024,1.7375000000000003
113,20-12.jpg,200,200,72.15645,34.71405872838122,3.6725
114,200-02.jpg,200,200,91.949625,36.04969815906057,2.17
114,200-03.jpg,200,200,83.12655,32.545008604968906,2.7375
114,200-08.jpg,200,200,78.249175,30.607750437093134,2.8325
114,200-09.jpg,200,200,78.41175,35.84588626240813,4.282500000000001
114,200-10.jpg,200,200,91.66345,33.416720875895344,2.015
114,200-11.jpg,200,200,76.306725,28.170822578944605,3.2099999999999995
114,200-12.jpg,200,200,76.896225,29.697553026291157,3.8449999999999998
115,21-05.jpg,200,200,74.917575,34.73459847355911,5.050000000000001
115,21-06.jpg,200,200,73.538225,36.24445045588876,4.87
115,21-07.jpg,200,200,100.3987,59.59169814923887,6.4025
115,21-10.jpg,200,200,86.650775,49.164449217899055,3.2649999999999997
115,21-12.jpg,200,200,70.5408,35.770434514554054,4.4375
115,21-13.jpg,200,200,57.867225,31.904591296541867,2.9325
115,21-14.jpg,200,200,19.244,10.157266561432756,0.0725
116,22-02.jpg,200,200,82.503125,40.46264005517157,2.32
116,22-03.jpg,200,200,94.404675,47.849401387523905,3.7725
116,22-04.jpg,200,200,76.0133,36.59030709231613,3.0124999999999997
116,22-08.jpg,200,200,79.224825,33.389845443178906,3.0875
116,22-09.jpg,200,200,88.00885,39.23230074412537,2.1875
116,22-10.jpg,200,200,93.272825,42.162371156273636,1.8800000000000001
116,22-11.jpg,200,200,76.471,33.658024436974905,2.93
117,23-02.jpg,200,200,103.1576,50.29237528930206,3.6225
117,23-04.jpg,200,200,99.656575,47.63562725806573,3.205
117,23-05.jpg,200,200,76.36675,37.24167147749279,2.555
117,23-09.jpg,200,200,110.663275,49.87900050396334,3.785
117,23-10.jpg,200,200,85.2172,35.78080035661584,2.3525
117,23-13.jpg,200,200,77.02445,35.250031946049354,3.4475
117,23-14.jpg,200,200,23.076375,13.45622130686676,0.7000000000000001
118,24-04.jpg,200,200,80.684575,35.05791397201743,5.9275
118,24-06.jpg,200,200,79.55115,33.621208093664634,6.6025
118,24-07.jpg,200,200,83.464275,35.48455824333135,6.7250000000000005
118,24-09.jpg,200,200,83.911275,30.689100717915718,5.065
118,24-10.jpg,200,200,99.177575,37.954244718073035,4.775
118,24-12.jpg,200,200,84.4361,40.33659897400871,6.32
118,24-13.jpg,200,200,66.25865,36.06292694967368,4.625
119,25-01.jpg,200,200,111.976225,48.646219891676836,2.7675
119,25-02.jpg,200,200,77.6072,45.30267109299407,4.760000000000001
119,25-03.jpg,200,200,78.109975,37.766955536545105,3.36
119,25-06.jpg,200,200,73.556875,30.027847329343725,4.035
119,25-08.jpg,200,200,77.16945,32.679536971895736,3.175
119,25-09.jpg,200,200,76.704675,33.52628234899263,3.795
119,25-14.jpg,200,200,29.169875,16.062231086756753,1.165
120,26-01.jpg,200,200,79.828625,35.6701318417717,2.1774999999999998
120,26-02.jpg,200,200,74.886675,32.29044490935941,2.9575
120,26-03.jpg,200,200,73.55675,30.351418079514833,3.5525
120,26-05.jpg,200,200,74.56675,30.745199534846087,4.8525
120,26-06.jpg,200,200,72.527725,27.203133667362206,4.4125
120,26-08.jpg,200,200,74.234875,29.798721595638547,2.74
120,26-13.jpg,200,200,84.0403,35.32469640223395,4.742500000000001
121,27-01.jpg,200,200,116.3054,44.69885995011506,2.7325
121,27-02.jpg,200,200,101.825225,39.31906507916198,3.5025
121,27-03.jpg,200,200,97.195375,36.848516979783255,3.6575
121,27-04.jpg,200,200,94.487775,35.06833187577326,3.7175
121,27-07.jpg,200,200,92.27105,36.08930841533958,4.217499999999999
121,27-12.jpg,200,200,90.1994,33.493638793657524,4.1775
121,27-13.jpg,200,200,72.445125,33.25559635210854,3.4575
122,28-02.jpg,200,200,95.5052,52.351121983774135,4.3475
122,28-03.jpg,200,200,87.9661,50.02362592605618,3.9825
122,28-04.jpg,200,200,92.579825,50.41742831570622,4.17
122,28-07.jpg,200,200,65.857,52.272032206525125,4.1025
122,28-08.jpg,200,200,66.8487,53.04640711970981,3.3125
122,28-09.jpg,200,200,60.115,54.31983086313874,3.7600000000000002
122,28-13.jpg,200,200,58.724375,38.65045350134167,2.4975
123,29-03.jpg,200,200,105.479975,56.132926602836015,4.18
123,29-04.jpg,200,200,104.231175,54.818423300195114,4.285
123,29-08.jpg,200,200,88.4537,41.33079912498668,4.295
123,29-09.jpg,200,200,124.60105,42.146318806006065,2.52
123,29-12.jpg,200,200,90.0549,35.06031782499982,5.4350000000000005
123,29-13.jpg,200,200,93.13915,33.69381378350483,3.855
123,29-14.jpg,200,200,89.549275,32.28406839254271,3.3125
124,3-03.jpg,200,200,85.392075,35.43506176365966,3.3274999999999997
124,3-06.jpg,200,200,81.541025,28.929773019319992,3.2325
124,3-08.jpg,200,200,88.626225,33.951924352669245,3.8850000000000002
124,3-09.jpg,200,200,88.069175,33.32017316610727,3.1199999999999997
124,3-10.jpg,200,200,92.329575,35.05347422609312,2.4025000000000003
124,3-12.jpg,200,200,82.8805,32.30199405222532,3.2675
124,3-13.jpg,200,200,74.49095,33.11137218687109,3.2024999999999997
125,30-01.jpg,200,200,109.288025,36.09841224485331,5.185
125,30-05.jpg,200,200,97.320875,32.717785900552244,3.8324999999999996
125,30-06.jpg,200,200,93.78865,29.638751343089673,4.32
125,30-08.jpg,200,200,98.19705,33.90644217987933,5.89
125,30-10.jpg,200,200,104.679175,29.966047392330125,4.5975
125,30-11.jpg,200,200,94.30195,29.044890707274146,4.5625
125,30-13.jpg,200,200,97.393,27.525153060428202,4.2025
126,31-01.jpg,200,200,115.948,45.00218823568472,2.2925
126,31-04.jpg,200,200,89.120025,33.433864105116164,2.9425
126,31-05.jpg,200,200,85.150925,32.79775520739758,3.3674999999999997
126,31-08.jpg,200,200,88.220525,30.44646192457138,2.5524999999999998
126,31-10.jpg,200,200,104.922725,35.270504725256984,1.5
126,31-11.jpg,200,200,86.461025,32.27937547334792,2.7725
126,31-12.jpg,200,200,82.292225,32.77167038082396,3.1199999999999997
127,32-02.jpg,200,200,79.93045,37.049294363017225,2.87
127,32-03.jpg,200,200,75.3991,38.592405589571634,4.485
127,32-04.jpg,200,200,80.00125,37.37140348498434,4.2275
127,32-07.jpg,200,200,84.052325,36.10818518140139,3.9849999999999994
127,32-11.jpg,200,200,77.798825,32.76322486598923,3.6775
127,32-13.jpg,200,200,79.662475,33.472713542143175,4.46
127,32-14.jpg,200,200,79.240275,32.578733752624196,4.655
128,33-01.jpg,200,200,94.5084,45.95860615205818,2.3975
128,33-03.jpg,200,200,73.863975,32.10979013010479,2.4275
128,33-07.jpg,200,200,73.63395,27.016729213535456,4.0225
128,33-09.jpg,200,200,108.001125,48.153852117295614,4.569999999999999
128,33-10.jpg,200,200,91.093275,39.98889751886609,2.3800000000000003
128,33-12.jpg,200,200,91.27925,47.13248528814813,4.5575
128,33-13.jpg,200,200,84.7831,35.080134041790664,3.9
129,34-01.jpg,200,200,112.235025,58.029633707696064,4.5675
129,34-03.jpg,200,200,77.987975,43.34373865276708,4.507499999999999
129,34-05.jpg,200,200,75.1014,39.07327626447519,3.5525
129,34-06.jpg,200,200,72.901525,39.524630013124415,3.195
129,34-12.jpg,200,200,73.507225,40.09344332680064,3.92
129,34-13.jpg,200,200,71.885125,39.72164370635202,4.365
129,34-14.jpg,200,200,36.190175,20.839508354790308,1.3175
130,35-02.jpg,200,200,96.06315,42.68239873856084,3.5325
130,35-04.jpg,200,200,86.34605,39.39889020515045,3.6225
130,35-05.jpg,200,200,87.7955,41.08453273130899,4.3225
130,35-07.jpg,200,200,87.931775,39.22237142689584,4.29
130,35-08.jpg,200,200,87.42015,37.085164472838734,3.9699999999999998
130,35-10.jpg,200,200,98.150225,41.31267005955164,2.31
130,35-11.jpg,200,200,85.8403,39.869091360476226,4.1075
131,36-01.jpg,200,200,108.816,43.70549329317769,2.4125
131,36-02.jpg,200,200,97.14245,39.53343215555032,2.815
131,36-04.jpg,200,200,89.360525,35.45331926243825,2.85
131,36-05.jpg,200,200,92.615125,37.412634847526775,4.42
131,36-06.jpg,200,200,96.230475,37.462535369010666,4.324999999999999
131,36-07.jpg,200,200,122.225725,44.8823470110953,3.5125
131,36-14.jpg,200,200,13.17735,7.3091105462634784,0.0
132,37-01.jpg,200,200,132.643375,48.58825520235703,4.3625
132,37-05.jpg,200,200,91.94865,48.38072667062267,5.54
132,37-08.jpg,200,200,90.9722,48.98948741475053,6.4525
132,37-09.jpg,200,200,96.9481,45.08688064603716,6.3875
132,37-10.jpg,200,200,112.837725,52.19954302313742,5.11
132,37-11.jpg,200,200,90.391075,48.154010584211726,5.81
132,37-12.jpg,200,200,87.544325,48.5642284536095,7.02
133,38-02.jpg,200,200,95.527575,41.19183523004741,3.195
133,38-04.jpg,200,200,91.20735,35.49465461132845,3.435
133,38-05.jpg,200,200,89.885625,33.42953474637921,4.02
133,38-06.jpg,200,200,88.0329,28.911893185850005,2.5025
133,38-10.jpg,200,200,95.4797,44.48135719500924,1.8399999999999999
133,38-11.jpg,200,200,81.846075,33.68158669205439,3.415
133,38-14.jpg,200,200,53.2823,26.750505728116618,1.3299999999999998
134,39-01.jpg,200,200,85.7052,61.531293200777114,2.535
134,39-03.jpg,200,200,81.401675,43.13779238897576,3.075
134,39-06.jpg,200,200,74.744475,39.64750789109417,3.4275
134,39-09.jpg,200,200,74.233,37.739912705251456,3.5125
134,39-12.jpg,200,200,67.531675,39.550725615270004,4.0725
134,39-13.jpg,200,200,76.4676,39.80654217889315,2.6875
134,39-14.jpg,200,200,72.026475,38.72018561518494,3.5425
135,4-04.jpg,200,200,71.049875,37.659407025129525,2.7275
135,4-06.jpg,200,200,69.404975,32.012948477910854,2.4525
135,4-07.jpg,200,200,73.717125,35.52919724303344,3.18
135,4-08.jpg,200,200,73.94185,33.24055984151741,2.36
135,4-11.jpg,200,200,72.014375,37.18293517676321,3.04
135,4-12.jpg,200,200,65.0702,29.89037423586396,2.8975
135,4-14.jpg,200,200,23.387625,18.052931115455323,1.065
136,40-01.jpg,200,200,90.672625,43.878082804623254,2.815
136,40-03.jpg,200,200,75.401225,38.13867516707122,2.7325
136,40-04.jpg,200,200,73.0508,36.76553439513698,2.4525
136,40-07.jpg,200,200,75.000225,32.425835763313415,2.7775000000000003
136,40-08.jpg,200,200,73.78515,31.359462518951116,2.825
136,40-10.jpg,200,200,79.833075,31.739995448083715,1.7774999999999999
136,40-12.jpg,200,200,70.673825,36.233409788058516,2.9899999999999998
137,41-02.jpg,200,200,97.52795,40.71564525827265,1.9224999999999999
137,41-04.jpg,200,200,87.0246,37.12093674518465,3.7699999999999996
137,41-05.jpg,200,200,88.56425,38.323002517254565,3.8600000000000003
137,41-07.jpg,200,200,87.2073,30.357324103253898,3.6624999999999996
137,41-09.jpg,200,200,88.31315,32.17202957659805,3.9849999999999994
137,41-10.jpg,200,200,95.6407,33.15195927105968,2.6525
137,41-11.jpg,200,200,84.5858,32.55617511870828,5.5675
138,42-01.jpg,200,200,101.3916,48.490247467300065,2.56
138,42-02.jpg,200,200,96.409675,39.918695386928356,2.945
138,42-03.jpg,200,200,85.192675,39.25743370808101,3.1925000000000003
138,42-06.jpg,200,200,77.823975,32.80674382195489,3.4075
138,42-08.jpg,200,200,79.63655,29.914957865547798,3.5775
138,42-11.jpg,200,200,77.35505,32.892249687388365,3.4750000000000005
138,42-14.jpg,200,200,79.92285,31.937594585026282,3.4174999999999995
139,43-03.jpg,200,200,92.283725,30.67056773397544,4.04
139,43-04.jpg,200,200,87.6326,31.069042747403724,4.105
139,43-05.jpg,200,200,83.167225,34.0255030939937,4.09
139,43-06.jpg,200,200,84.045,33.546102977842295,4.3975
139,43-11.jpg,200,200,88.939825,34.25191022365578,4.7625
139,43-13.jpg,200,200,89.6161,33.04207576394074,4.82
139,43-14.jpg,200,200,88.301625,31.93573386285925,4.455
140,44-01.jpg,200,200,97.34905,39.44033169355324,2.7375
140,44-02.jpg,200,200,88.945725,40.035185515048816,2.8375
140,44-05.jpg,200,200,79.9124,35.128959936781506,2.8025
140,44-07.jpg,200,200,76.8172,29.907635883834082,3.1475000000000004
140,44-08.jpg,200,200,77.861075,31.602384005710313,2.895
140,44-09.jpg,200,200,79.89485,30.62124252014441,3.115
140,44-11.jpg,200,200,77.04545,31.678224134214027,3.005
141,45-02.jpg,200,200,87.6326,34.585638164417325,2.7625
141,45-03.jpg,200,200,84.879,34.011720906181736,2.3175
141,45-04.jpg,200,200,86.185175,34.152649021992055,2.6
141,45-08.jpg,200,200,87.751325,27.681611870416344,2.855
141,45-10.jpg,200,200,92.6951,30.637955806319717,1.6549999999999998
141,45-11.jpg,200,200,84.763,28.82918540299049,2.5625
141,45-12.jpg,200,200,85.2606,32.2822255682597,3.1325
142,46-06.jpg,200,200,73.126925,29.302062470829167,4.19
142,46-07.jpg,200,200,80.048675,28.678101501744756,4.5525
142,46-08.jpg,200,200,77.440225,29.050734533732104,4.91
142,46-10.jpg,200,200,88.90015,37.40746422811228,5.1025
142,46-11.jpg,200,200,73.830625,31.18322685530436,3.8249999999999997
142,46-12.jpg,200,200,70.1507,30.19907845464825,2.85
142,46-13.jpg,200,200,52.753525,28.093637626237992,2.3175
143,47-04.jpg,200,200,91.570625,38.19880773151664,3.1125
143,47-05.jpg,200,200,89.046125,35.01957948754346,3.3024999999999998
143,47-07.jpg,200,200,91.50455,33.40593853340301,3.6325000000000003
143,47-10.jpg,200,200,95.81225,35.411750167670334,3.0425
143,47-11.jpg,200,200,90.560825,34.84725742894805,3.6799999999999997
143,47-13.jpg,200,200,66.73015,33.0621442283694,3.3775
143,47-14.jpg,200,200,6.6022,3.614312543209289,0.0
144,48-04.jpg,200,200,86.555975,42.42223198747769,3.3325
144,48-06.jpg,200,200,84.233475,39.077663881357786,4.865
144,48-08.jpg,200,200,84.87255,37.21725347869587,3.7025
144,48-10.jpg,200,200,91.76545,42.78504337145751,2.5625
144,48-12.jpg,200,200,83.730275,38.800965496033406,6.03
144,48-13.jpg,200,200,56.826075,33.239379132203645,2.9675
144,48-14.jpg,200,200,5.2345,3.9222709939523552,0.0
145,49-06.jpg,200,200,78.452575,33.85312837640526,3.4075
145,49-07.jpg,200,200,84.31465,45.783317326046834,4.6575
145,49-08.jpg,200,200,77.93145,33.269224531051215,3.1550000000000002
145,49-09.jpg,200,200,79.6896,35.23309668252281,3.495
145,49-10.jpg,200,200,85.5881,39.94452075554293,2.19
145,49-12.jpg,200,200,77.010825,33.4485210109412,3.5425
145,49-13.jpg,200,200,58.528875,33.24671361554966,2.1325
146,5-01.jpg,200,200,116.817575,37.667007395323765,5.265000000000001
146,5-02.jpg,200,200,102.61,36.746314781213094,4.9475
146,5-03.jpg,200,200,91.6872,35.02154845463004,5.5925
146,5-05.jpg,200,200,92.543075,33.656974679022696,5.7275
146,5-10.jpg,200,200,118.334675,38.9899643196089,4.1475
146,5-13.jpg,200,200,79.2345,30.77081181493267,4.0225
146,5-14.jpg,200,200,29.4791,12.241475123121395,1.16
147,50-01.jpg,200,200,117.25335,45.804663668424645,3.1825
147,50-03.jpg,200,200,94.540225,40.780905237002465,4.8025
147,50-04.jpg,200,200,95.753525,40.01850540780321,4.4675
147,50-08.jpg,200,200,101.85425,34.41979309841214,3.3375000000000004
147,50-09.jpg,200,200,102.493925,34.48104208248897,3.0775
147,50-11.jpg,200,200,96.58925,36.728897130699416,4.7475000000000005
147,50-12.jpg,200,200,96.5871,37.06439617193298,5.385
148,51-02.jpg,200,200,73.17515,44.07822617208524,3.2224999999999997
148,51-03.jpg,200,200,72.75475,40.31157094975958,3.1075
148,51-04.jpg,200,200,79.34255,41.14797758696653,3.82
148,51-07.jpg,200,200,63.68755,46.014869064222054,2.98
148,51-09.jpg,200,200,62.5856,45.154426390332986,3.7800000000000002
148,51-11.jpg,200,200,75.515525,43.82027965422374,3.95
148,51-13.jpg,200,200,52.49885,34.117968853340315,1.7774999999999999
149,52-01.jpg,200,200,101.208425,49.28111488206588,2.825
149,52-02.jpg,200,200,84.42945,42.71011265142601,3.595
149,52-04.jpg,200,200,79.175675,43.11608879866511,3.2750000000000004
149,52-05.jpg,200,200,79.504425,41.61077481157224,4.0125
149,52-07.jpg,200,200,78.707325,38.58349797963341,4.31
149,52-09.jpg,200,200,98.6705,64.7187795755606,4.315
149,52-12.jpg,200,200,75.3617,38.21714828594619,5.04
150,53-03.jpg,200,200,79.8993,38.75632541289228,3.9725
150,53-04.jpg,200,200,79.463125,38.27164668830406,4.7025
150,53-07.jpg,200,200,83.373325,36.85327669888222,4.7025
150,53-09.jpg,200,200,81.43935,33.87584717136237,3.8074999999999997
150,53-10.jpg,200,200,86.559125,36.625963526361666,3.5825000000000005
150,53-11.jpg,200,200,81.1445,36.661553018796134,5.16
150,53-12.jpg,200,200,78.48065,35.89494777231888,5.465
151,54-01.jpg,200,200,104.7796,45.646282146961326,2.8225
151,54-03.jpg,200,200,85.509225,39.087893456918025,3.5025
151,54-04.jpg,200,200,88.41835,40.33417698772965,3.53
151,54-07.jpg,200,200,88.094375,36.20510210397666,2.7925
151,54-10.jpg,200,200,95.5135,44.156115858961144,1.7175
151,54-13.jpg,200,200,63.476375,33.68617805360791,2.6224999999999996
151,54-14.jpg,200,200,19.57285,14.498632448527689,1.1400000000000001
152,55-01.jpg,200,200,89.39655,43.495196839392506,2.705
152,55-04.jpg,200,200,77.4739,38.671926753007796,3.2075
152,55-06.jpg,200,200,77.7437,32.497566221334175,3.8275000000000006
152,55-07.jpg,200,200,78.07745,32.985837892912464,3.655
152,55-08.jpg,200,200,76.9739,31.55966997276746,3.3225
152,55-11.jpg,200,200,76.714775,33.417289263184934,3.2875
152,55-14.jpg,200,200,13.9257,10.198628805383594,0.0
153,56-01.jpg,200,200,86.562,46.656671077135364,2.44
153,56-03.jpg,200,200,77.87425,39.80799149589816,2.465
153,56-04.jpg,200,200,79.66395,40.7641744721698,2.7925
153,56-07.jpg,200,200,75.3995,34.386080755881444,2.88
153,56-09.jpg,200,200,73.0165,30.194394806818035,2.63
153,56-13.jpg,200,200,61.843,32.427825258564596,3.0725
153,56-14.jpg,200,200,14.2906,10.25235102988578,0.0
154,57-01.jpg,200,200,93.9958,50.48673818301198,3.2325
154,57-02.jpg,200,200,86.538125,45.602384767513804,2.2775
154,57-03.jpg,200,200,81.64455,45.132383665141155,3.8575
154,57-05.jpg,200,200,77.30355,38.80688994750159,4.8475
154,57-06.jpg,200,200,73.270925,37.11847955728218,4.2675
154,57-10.jpg,200,200,92.55775,44.6523830824011,2.8325
154,57-13.jpg,200,200,41.893975,24.8049860652929,1.8225000000000002
155,58-03.jpg,200,200,95.51935,46.0130131112656,5.4925
155,58-06.jpg,200,200,85.3765,45.325429923498795,4.955
155,58-08.jpg,200,200,85.5927,44.537689732517556,4.535
155,58-09.jpg,200,200,92.51565,41.601900858945136,4.1425
155,58-10.jpg,200,200,108.41505,44.89903933824754,3.8899999999999997
155,58-11.jpg,200,200,88.631875,44.43718329264778,4.715
155,58-14.jpg,200,200,12.139775,6.650442688225724,0.095
156,59-01.jpg,200,200,92.990225,53.332646469581604,3.7375
156,59-02.jpg,200,200,82.566625,44.57259428291531,4.0725
156,59-03.jpg,200,200,73.468875,41.622401795600105,3.2975
156,59-06.jpg,200,200,73.563075,40.00945352718998,3.4549999999999996
156,59-07.jpg,200,200,77.22015,41.15240981980885,3.3325
156,59-11.jpg,200,200,72.21645,37.65757227168926,4.0425
156,59-13.jpg,200,200,44.872975,27.40495556736728,1.6675
157,6-01.jpg,200,200,112.128425,43.69464134215287,4.89
157,6-02.jpg,200,200,101.83905,40.91117567483853,4.9799999999999995
157,6-04.jpg,200,200,94.040375,40.270763524663586,6.1975
157,6-05.jpg,200,200,98.40945,41.657485530184125,6.177499999999999
157,6-07.jpg,200,200,94.602375,40.875705735306575,6.1925
157,6-11.jpg,200,200,90.8014,38.13505025616198,4.859999999999999
157,6-14.jpg,200,200,24.0027,13.116035708627816,0.5625
158,60-01.jpg,200,200,66.5593,56.713032748302226,3.5775
158,60-02.jpg,200,200,70.0532,46.47093898082973,4.8225
158,60-04.jpg,200,200,58.054425,44.64492594819007,3.875
158,60-06.jpg,200,200,65.358875,42.45140143427982,3.7249999999999996
158,60-09.jpg,200,200,66.7777,43.069712475357896,2.4225
158,60-10.jpg,200,200,64.658975,42.770089746800565,4.0075
158,60-14.jpg,200,200,8.604725,5.816191423463898,0.0
159,61-01.jpg,200,200,99.1756,51.1793148121387,3.105
159,61-04.jpg,200,200,82.06415,43.28870504851699,5.27
159,61-06.jpg,200,200,79.28735,37.88944351633447,5.63
159,61-09.jpg,200,200,83.490175,33.8792451726625,2.8925
159,61-10.jpg,200,200,81.3628,41.429332919563166,4.0525
159,61-11.jpg,200,200,81.325725,39.89839568484396,5.745
159,61-14.jpg,200,200,9.157425,6.487167515131315,0.0
160,62-01.jpg,200,200,98.743125,46.71518800384276,3.3649999999999998
160,62-05.jpg,200,200,96.79815,36.289144472934325,3.675
160,62-06.jpg,200,200,95.84955,35.5984699783221,4.3625
160,62-07.jpg,200,200,96.08655,38.196844884067325,3.7225
160,62-08.jpg,200,200,95.32015,37.212545653011965,3.375
160,62-10.jpg,200,200,95.349225,41.13841048095289,1.4475
160,62-11.jpg,200,200,108.398175,52.340049022420445,3.605
161,63-02.jpg,200,200,98.05165,41.98103836588014,3.5249999999999995
161,63-03.jpg,200,200,92.668775,40.716300973926586,3.4099999999999997
161,63-04.jpg,200,200,89.3995,40.21659296546638,4.2875000000000005
161,63-05.jpg,200,200,92.5121,37.9039048593941,4.0175
161,63-07.jpg,200,200,92.848075,41.025134902817506,4.02
161,63-12.jpg,200,200,90.1098,37.47225965911317,4.6075
161,63-14.jpg,200,200,54.42385,29.954728360936606,2.5625
162,64-01.jpg,200,200,96.26015,45.98668363752164,4.375
162,64-02.jpg,200,200,88.87975,39.61535863699204,4.130000000000001
162,64-04.jpg,200,200,83.082775,40.65793555137023,4.5625
162,64-05.jpg,200,200,87.524725,43.4777499265357,6.7625
162,64-06.jpg,200,200,80.225275,34.825479554119205,5.1875
162,64-08.jpg,200,200,81.139275,35.28688818065961,4.75
162,64-11.jpg,200,200,79.5539,35.04519146459326,4.92
163,65-01.jpg,200,200,96.7548,44.23637391287853,2.5524999999999998
163,65-04.jpg,200,200,81.786825,41.339465180616145,2.7325
163,65-06.jpg,200,200,81.089575,33.5468038912707,2.73
163,65-07.jpg,200,200,81.8262,33.399368909606665,2.6825
163,65-08.jpg,200,200,82.1146,31.327941471472396,2.8275
163,65-12.jpg,200,200,80.99365,36.88909201481516,3.52
163,65-14.jpg,200,200,46.852325,25.96735675987017,1.67
164,66-01.jpg,200,200,108.7008,49.13453448807671,3.2125
164,66-02.jpg,200,200,92.813525,42.20997988715909,4.095
164,66-03.jpg,200,200,89.315225,40.94330358189694,4.117500000000001
164,66-07.jpg,200,200,90.3049,42.37544732495457,4.4125
164,66-08.jpg,200,200,88.242125,39.461516069258856,4.2725
164,66-10.jpg,200,200,98.628525,41.03743329357204,3.005
164,66-11.jpg,200,200,87.93275,40.12147401875335,3.995
165,67-01.jpg,200,200,104.838375,47.15375968424337,2.68
165,67-06.jpg,200,200,88.76235,35.08142417972081,4.445
165,67-07.jpg,200,200,88.85565,34.32998999530149,4.465
165,67-08.jpg,200,200,94.45125,35.13761764032246,3.15
165,67-09.jpg,200,200,96.804725,38.859637706422006,2.5
165,67-10.jpg,200,200,105.12055,40.94145842172089,2.255
165,67-12.jpg,200,200,86.19915,36.581920934766394,4.455
166,68-02.jpg,200,200,93.42925,45.48168966119773,3.2775
166,68-03.jpg,200,200,85.151275,41.01958606415202,3.2474999999999996
166,68-06.jpg,200,200,84.9348,40.256821769235586,4.245
166,68-08.jpg,200,200,87.600475,39.83113988796172,3.47
166,68-12.jpg,200,200,82.90745,40.66557370181196,3.8249999999999997
166,68-13.jpg,200,200,58.08985,34.19103065099822,3.0175
166,68-14.jpg,200,200,8.5043,6.457567770453516,0.0
167,69-02.jpg,200,200,93.322575,49.232752008895204,4.047499999999999
167,69-04.jpg,200,200,78.1345,45.033551489417306,3.9274999999999998
167,69-05.jpg,200,200,78.70325,43.503868672079044,3.8524999999999996
167,69-08.jpg,200,200,82.899375,43.89975113379773,4.175
167,69-11.jpg,200,200,77.264075,43.63896698358447,3.9425000000000003
167,69-13.jpg,200,200,44.1897,28.556039884935025,1.8849999999999998
167,69-14.jpg,200,200,5.34145,3.314304134731754,0.0
168,7-02.jpg,200,200,91.633975,44.42500197748307,2.9274999999999998
168,7-03.jpg,200,200,88.2097,41.39361213895207,3.4675
168,7-05.jpg,200,200,82.3115,39.3262757930369,3.685
168,7-08.jpg,200,200,98.75385,52.333525203042655,4.5475
168,7-09.jpg,200,200,82.3783,32.986171937798424,3.485
168,7-12.jpg,200,200,82.514025,37.13900851260538,5.489999999999999
168,7-13.jpg,200,200,63.71145,32.4035521030874,2.5749999999999997
169,70-01.jpg,200,200,115.027,42.34170899951961,2.6149999999999998
169,70-05.jpg,200,200,99.648475,35.0555652525298,3.7475
169,70-06.jpg,200,200,99.193025,33.915048523470745,3.7725
169,70-07.jpg,200,200,100.927825,33.234289006527206,3.1725000000000003
169,70-08.jpg,200,200,122.7624,39.78891486632929,2.75
169,70-10.jpg,200,200,104.3018,38.75354973108915,2.175
169,70-14.jpg,200,200,87.2331,31.47110443549765,3.0225
170,71-05.jpg,200,200,81.94265,35.851894803169046,3.4825000000000004
170,71-06.jpg,200,200,80.6957,30.57286299171211,3.4174999999999995
170,71-08.jpg,200,200,80.640575,32.19122688978125,3.1225
170,71-10.jpg,200,200,79.409,29.700344593960523,2.3275
170,71-11.jpg,200,200,81.109075,32.1954294527092,3.53
170,71-12.jpg,200,200,78.66625,32.809362397606876,4.7475000000000005
170,71-14.jpg,200,200,23.297275,12.956751235335771,0.49750000000000005
171,72-03.jpg,200,200,82.1833,45.63401309451098,5.88
171,72-04.jpg,200,200,85.352075,43.85685200962758,6.482499999999999
171,72-06.jpg,200,200,81.3613,44.46952172342311,4.54
171,72-07.jpg,200,200,77.62195,47.258627553045805,4.7325
171,72-08.jpg,200,200,87.806325,43.13476863267468,5.48
171,72-09.jpg,200,200,126.456625,56.12016320904079,4.45
171,72-13.jpg,200,200,55.618775,38.33740461350214,4.0225
172,73-04.jpg,200,200,97.5675,36.58454036543304,4.3
172,73-05.jpg,200,200,98.710975,35.47180062457184,4.4325
172,73-06.jpg,200,200,98.085625,33.70465462453777,4.234999999999999
172,73-07.jpg,200,200,101.190925,35.139826018982724,3.27
172,73-10.jpg,200,200,105.49555,36.70741519362947,2.53
172,73-11.jpg,200,200,97.24625,34.005102719114085,3.5125
172,73-13.jpg,200,200,73.04235,30.597369273803587,2.795
173,74-02.jpg,200,200,108.49275,38.84169599074556,2.9925
173,74-03.jpg,200,200,97.146675,34.556679693575525,3.0575
173,74-04.jpg,200,200,92.853025,34.36945916579682,3.1574999999999998
173,74-07.jpg,200,200,95.1409,31.285786664074788,2.8000000000000003
173,74-09.jpg,200,200,93.4619,30.952962675485523,4.0775
173,74-11.jpg,200,200,87.531125,31.52265901275422,3.5725
173,74-14.jpg,200,200,15.545225,7.976942064436408,0.0
174,75-02.jpg,200,200,83.3385,35.29324110576981,3.3425000000000002
174,75-03.jpg,200,200,79.720475,32.93108927403367,4.3999999999999995
174,75-04.jpg,200,200,78.7326,31.784547302738165,3.415
174,75-06.jpg,200,200,78.9931,30.581402884596383,3.9325
174,75-07.jpg,200,200,71.555625,31.831341565497596,4.109999999999999
174,75-08.jpg,200,200,75.8578,30.483113836352086,3.81
174,75-12.jpg,200,200,73.7641,29.62409072342981,3.2199999999999998
175,76-02.jpg,200,200,105.9512,34.09058914949989,3.6975000000000002
175,76-04.jpg,200,200,103.177725,37.35175349062444,4.43
175,76-08.jpg,200,200,106.12665,32.47340080400419,3.5900000000000003
175,76-09.jpg,200,200,129.9781,40.93771330191759,3.0175
175,76-11.jpg,200,200,101.9187,33.019779531517166,2.905
175,76-13.jpg,200,200,91.187325,33.08282763526079,3.1175
175,76-14.jpg,200,200,29.524925,12.697855281281758,0.33
176,77-01.jpg,200,200,101.72615,54.37899232403539,4.1375
176,77-04.jpg,200,200,82.09505,42.83233317830702,3.9774999999999996
176,77-06.jpg,200,200,80.81075,37.14762420986704,4.4575
176,77-07.jpg,200,200,93.367375,52.16006336853297,5.1175
176,77-10.jpg,200,200,89.35235,47.763562466356085,4.5325
176,77-13.jpg,200,200,67.492175,35.641515663189395,4.1775
176,77-14.jpg,200,200,39.792825,23.00200651072369,2.63
177,78-04.jpg,200,200,81.0796,48.951624731361065,4.465
177,78-06.jpg,200,200,79.73075,44.31174454292564,4.775
177,78-08.jpg,200,200,84.884925,50.57545237310661,3.8774999999999995
177,78-09.jpg,200,200,88.69055,53.72474560849498,3.4475
177,78-11.jpg,200,200,77.76885,42.66730562945708,5.0025
177,78-13.jpg,200,200,58.005925,35.59194979056886,3.765
177,78-14.jpg,200,200,37.198,22.658618581016807,2.1225
178,79-03.jpg,200,200,84.957475,35.092937560488934,5.0975
178,79-04.jpg,200,200,80.692125,35.71554266680509,5.0325
178,79-07.jpg,200,200,87.025225,33.64239198837346,5.2124999999999995
178,79-09.jpg,200,200,95.4847,32.80280423850985,4.2875000000000005
178,79-12.jpg,200,200,83.798675,37.49260051322627,6.6075
178,79-13.jpg,200,200,76.355975,35.14711519882358,6.2575
178,79-14.jpg,200,200,44.81965,21.95445567253946,2.15
179,8-03.jpg,200,200,77.48555,38.61169500549671,4.54
179,8-04.jpg,200,200,76.565,36.87346098483298,4.41
179,8-05.jpg,200,200,75.596825,34.62536894993864,5.1499999999999995
179,8-08.jpg,200,200,73.825075,31.30614917623014,4.9425
179,8-09.jpg,200,200,75.64805,31.19126850895135,3.85
179,8-10.jpg,200,200,87.089375,39.10719226829478,3.7074999999999996
179,8-13.jpg,200,200,57.198925,31.44889670313372,2.215
180,80-01.jpg,200,200,103.35355,51.05483084290359,2.0875
180,80-02.jpg,200,200,82.1967,49.623360014311814,2.6875
180,80-03.jpg,200,200,84.889825,41.14235027887171,2.73
180,80-04.jpg,200,200,83.21945,40.67492767906908,3.345
180,80-05.jpg,200,200,83.717675,40.40998970049826,4.2725
180,80-06.jpg,200,200,90.772425,40.28442608030273,4.0975
180,80-14.jpg,200,200,49.33655,27.121546491627278,1.01
181,81-01.jpg,200,200,109.0316,38.71257420322239,2.2425
181,81-04.jpg,200,200,93.1854,34.6367330566842,2.9850000000000003
181,81-07.jpg,200,200,94.192875,30.497870814769595,2.63
181,81-08.jpg,200,200,94.1937,28.924797843891668,2.6825
181,81-10.jpg,200,200,104.17445,31.45937407510677,1.865
181,81-11.jpg,200,200,88.3168,31.090011864906067,1.9625
181,81-14.jpg,200,200,59.874125,23.941137827688454,1.165
182,82-04.jpg,200,200,80.2375,37.194167469510596,3.0
182,82-05.jpg,200,200,81.5136,35.59695092335859,3.7425
182,82-06.jpg,200,200,78.8235,31.573750929371695,3.7900000000000005
182,82-08.jpg,200,200,82.404475,29.758868845679853,3.32
182,82-10.jpg,200,200,89.49625,34.83987278876747,2.5025
182,82-12.jpg,200,200,79.97485,34.454399827561936,3.4225
182,82-13.jpg,200,200,73.629325,32.77390616091367,3.5725
183,83-03.jpg,200,200,67.637075,43.522589082502606,2.4625
183,83-05.jpg,200,200,65.4289,38.14455262275336,3.63
183,83-06.jpg,200,200,64.512725,35.78723917927136,4.3925
183,83-07.jpg,200,200,68.072825,36.93274321681744,4.1674999999999995
183,83-08.jpg,200,200,68.390575,39.149081421782746,4.1075
183,83-11.jpg,200,200,64.295075,35.491494132318174,4.2875000000000005
183,83-13.jpg,200,200,43.8204,30.133971590880616,2.3225
184,84-02.jpg,200,200,98.7953,46.438286444592244,5.47
184,84-04.jpg,200,200,92.289175,45.06526603515589,5.62
184,84-05.jpg,200,200,90.143325,45.13060915769225,6.145
184,84-06.jpg,200,200,88.102,42.07415948061233,5.6475
184,84-07.jpg,200,200,90.607,40.67157423803509,6.307500000000001
184,84-12.jpg,200,200,89.87675,40.816937776338634,7.7875
184,84-13.jpg,200,200,56.152125,31.801440737557392,4.7025
185,85-02.jpg,200,200,100.722425,36.96647571948637,2.5749999999999997
185,85-05.jpg,200,200,87.326625,37.42774426958396,4.3925
185,85-07.jpg,200,200,89.197875,32.97407876627298,4.87
185,85-10.jpg,200,200,106.5741,41.00176226932203,2.6075
185,85-11.jpg,200,200,88.957875,33.23386676997389,5.0424999999999995
185,85-12.jpg,200,200,86.43725,34.368023109243566,6.0125
185,85-13.jpg,200,200,69.821025,30.89987124486727,3.6824999999999997
186,86-02.jpg,200,200,96.711725,45.78535270721822,4.8475
186,86-04.jpg,200,200,86.666475,43.89313085295209,4.315
186,86-05.jpg,200,200,94.7121,40.681224951935754,5.29
186,86-07.jpg,200,200,85.648625,42.00954011423328,5.19
186,86-09.jpg,200,200,88.5754,41.248879558601345,4.31
186,86-10.jpg,200,200,100.19915,43.88978399670589,3.36
186,86-13.jpg,200,200,56.88655,32.74871568622959,3.5975
187,87-01.jpg,200,200,128.5145,40.42919909854758,2.4375
187,87-03.jpg,200,200,95.944725,41.100252063392205,3.81
187,87-04.jpg,200,200,98.201,41.38313785831132,4.1425
187,87-07.jpg,200,200,85.544375,39.61133967514069,3.4000000000000004
187,87-09.jpg,200,200,123.552475,53.453881490256386,6.18
187,87-10.jpg,200,200,93.88855,40.14522610345469,5.605
187,87-14.jpg,200,200,8.93325,4.812202659645581,0.0
188,88-02.jpg,200,200,92.439925,40.44418241223792,3.1175
188,88-04.jpg,200,200,88.10585,39.38538556085874,3.595
188,88-06.jpg,200,200,84.3665,33.49947802205282,3.5700000000000003
188,88-07.jpg,200,200,88.697125,34.267594630122126,3.5225
188,88-11.jpg,200,200,85.2564,34.24283587905651,3.4875000000000003
188,88-12.jpg,200,200,85.240625,34.28533906219064,3.8899999999999997
188,88-14.jpg,200,200,5.798925,3.8553137154290047,0.0
189,89-01.jpg,200,200,112.011075,46.61236587370754,3.0225
189,89-03.jpg,200,200,93.72,38.776861657436896,3.565
189,89-06.jpg,200,200,105.314525,55.280822163064606,4.5225
189,89-07.jpg,200,200,87.0436,33.95817057852204,3.585
189,89-09.jpg,200,200,92.233825,33.11144667436587,3.0124999999999997
189,89-10.jpg,200,200,97.98625,36.95303994176257,2.8975
189,89-13.jpg,200,200,79.9607,36.62999325020413,3.855
190,9-04.jpg,200,200,82.49575,35.69251296753284,4.1000000000000005
190,9-05.jpg,200,200,81.38855,34.45341461883713,4.130000000000001
190,9-07.jpg,200,200,83.29225,35.093253481794754,3.785
190,9-08.jpg,200,200,82.52485,33.72022883192669,3.485
190,9-09.jpg,200,200,85.06875,33.35804510815195,3.375
190,9-12.jpg,200,200,82.71695,33.99840485519137,4.745
190,9-14.jpg,200,200,81.990275,32.48710175476376,4.4025
191,90-01.jpg,200,200,92.94405,50.48765016910075,3.3075
191,90-02.jpg,200,200,86.505475,46.14312754922855,3.6475
191,90-04.jpg,200,200,86.064225,42.97702642283869,3.84
191,90-05.jpg,200,200,85.2003,42.378243001686606,4.3075
191,90-07.jpg,200,200,83.29045,37.81999654676743,4.1274999999999995
191,90-10.jpg,200,200,87.70315,42.570701545517196,3.7925
191,90-11.jpg,200,200,82.6005,40.14863509199286,3.9849999999999994
192,91-05.jpg,200,200,91.9429,34.690934544776965,4.1875
192,91-07.jpg,200,200,98.83745,38.56376638111869,5.5525
192,91-08.jpg,200,200,95.248375,32.30406839485353,4.0375000000000005
192,91-09.jpg,200,200,95.004925,32.55096159477282,4.06
192,91-12.jpg,200,200,90.00865,33.57318387012915,5.2749999999999995
192,91-13.jpg,200,200,92.2579,36.12946356631939,4.7175
192,91-14.jpg,200,200,39.98,17.924067618707536,1.335
193,92-01.jpg,200,200,103.436225,38.637040294895456,2.4625
193,92-02.jpg,200,200,94.095325,37.37360148747208,2.8125
193,92-04.jpg,200,200,86.7907,34.57940996474636,3.8575
193,92-05.jpg,200,200,87.509375,32.547585349905376,3.4875000000000003
193,92-06.jpg,200,200,88.6892,32.503065291753636,3.7699999999999996
193,92-07.jpg,200,200,90.305125,30.850050627744114,3.26
193,92-10.jpg,200,200,98.702775,28.801010959675963,2.31
194,93-02.jpg,200,200,77.8127,43.9417207072049,2.645
194,93-03.jpg,200,200,74.12945,38.98519773834038,2.635
194,93-07.jpg,200,200,79.400675,43.49270495777855,3.8175
194,93-08.jpg,200,200,75.882175,32.10071871889125,2.1975000000000002
194,93-12.jpg,200,200,73.33835,38.646033034161476,2.7525
194,93-13.jpg,200,200,73.763525,37.62309735487464,3.0300000000000002
194,93-14.jpg,200,200,22.81325,15.439265670280436,0.43499999999999994
195,94-02.jpg,200,200,90.98345,34.80095510323675,2.245
195,94-03.jpg,200,200,86.668825,35.35493244399393,3.2474999999999996
195,94-05.jpg,200,200,88.574925,34.518831617602224,2.71
195,94-06.jpg,200,200,88.49915,32.197707981741495,3.1475000000000004
195,94-09.jpg,200,200,114.562225,40.291752605829586,2.735
195,94-10.jpg,200,200,91.596225,33.169522015690475,2.5425
195,94-13.jpg,200,200,85.209375,36.27880630766915,2.8175
196,95-02.jpg,200,200,80.7753,37.24617980290059,2.5025
196,95-03.jpg,200,200,79.0794,35.74874397290064,2.52
196,95-05.jpg,200,200,76.9162,32.0213979638616,2.875
196,95-08.jpg,200,200,78.785575,29.45641520822544,2.8725
196,95-11.jpg,200,200,76.741775,31.90422534476233,3.6350000000000002
196,95-12.jpg,200,200,76.186875,34.398254355917175,4.0725
196,95-13.jpg,200,200,70.540675,33.51854852979727,3.55
197,96-03.jpg,200,200,89.32535,45.95883426913154,3.4549999999999996
197,96-08.jpg,200,200,74.832625,46.315360957347345,3.2849999999999997
197,96-09.jpg,200,200,83.608775,44.45775824307131,2.905
197,96-10.jpg,200,200,86.5875,55.22713186242791,1.0225
197,96-11.jpg,200,200,80.922925,42.124038083312655,3.8675
197,96-12.jpg,200,200,77.709525,43.23052624331994,3.2800000000000002
197,96-13.jpg,200,200,78.37045,42.928792398546456,4.1325
198,97-01.jpg,200,200,96.757275,49.62592880314055,5.0475
198,97-03.jpg,200,200,81.811475,40.9122907367013,6.035
198,97-04.jpg,200,200,76.260275,39.26512933793005,4.79
198,97-05.jpg,200,200,76.85345,40.95724750392169,5.46
198,97-07.jpg,200,200,76.226775,40.21085423240067,5.9375
198,97-12.jpg,200,200,73.480875,38.91866883944484,6.34
198,97-14.jpg,200,200,44.73655,25.439769930121223,2.1025
199,98-01.jpg,200,200,91.998475,50.96202726221137,3.325
199,98-04.jpg,200,200,72.94785,41.72060378730754,3.0949999999999998
199,98-05.jpg,200,200,77.27205,43.26529889874217,2.995
199,98-10.jpg,200,200,67.8547,50.25201675465374,3.7025
199,98-12.jpg,200,200,72.55765,42.97416289443577,3.9050000000000002
199,98-13.jpg,200,200,66.9981,38.61931312685403,2.7075
199,98-14.jpg,200,200,36.096575,21.36703063762897,0.6325
200,99-02.jpg,200,200,99.798875,41.773861728769766,4.215
200,99-03.jpg,200,200,94.79195,43.034224928508934,4.38
200,99-04.jpg,200,200,97.682575,43.09064534640175,3.53
200,99-08.jpg,200,200,83.505,44.38459614550976,7.175
200,99-10.jpg,200,200,96.9862,53.924724937267875,8.76
200,99-11.jpg,200,200,91.9643,44.65199128269645,5.46
200,99-13.jpg,200,200,70.657975,37.619660337373794,4.1525
