Threshold,FAR,FRR,TAR,Accuracy,Precision,Recall,F1,TP,TN,FP,FN
0.30,0.154293,0.006489,0.993511,0.846446,0.031343,0.993511,0.060769,1378,233426,42587,9
0.31,0.142305,0.006489,0.993511,0.858374,0.033894,0.993511,0.065552,1378,236735,39278,9
0.32,0.131497,0.006489,0.993511,0.869128,0.036578,0.993511,0.070558,1378,239718,36295,9
0.33,0.120864,0.006489,0.993511,0.879708,0.039668,0.993511,0.076291,1378,242653,33360,9
0.34,0.110861,0.006489,0.993511,0.889661,0.043093,0.993511,0.082604,1378,245414,30599,9
0.35,0.101158,0.006489,0.993511,0.899315,0.047032,0.993511,0.089813,1378,248092,27921,9
0.36,0.092144,0.006489,0.993511,0.908284,0.051397,0.993511,0.097737,1378,250580,25433,9
0.37,0.083304,0.006489,0.993511,0.917080,0.056543,0.993511,0.106996,1378,253020,22993,9
0.38,0.075181,0.006489,0.993511,0.925162,0.062271,0.993511,0.117197,1378,255262,20751,9
0.39,0.067957,0.006489,0.993511,0.932350,0.068438,0.993511,0.128055,1378,257256,18757,9
0.40,0.061080,0.006489,0.993511,0.939193,0.075561,0.993511,0.140440,1378,259154,16859,9
0.41,0.054653,0.006489,0.993511,0.945588,0.083703,0.993511,0.154398,1378,260928,15085,9
0.42,0.048853,0.006489,0.993511,0.951359,0.092720,0.993511,0.169610,1378,262529,13484,9
0.43,0.043313,0.006489,0.993511,0.956871,0.103353,0.993511,0.187228,1378,264058,11955,9
0.44,0.038161,0.006489,0.993511,0.961997,0.115691,0.993511,0.207249,1378,265480,10533,9
0.45,0.033343,0.007210,0.992790,0.966788,0.130151,0.992790,0.230133,1377,266810,9203,10
0.46,0.029067,0.007210,0.992790,0.971042,0.146489,0.992790,0.255307,1377,267990,8023,10
0.47,0.025162,0.007210,0.992790,0.974928,0.165465,0.992790,0.283654,1377,269068,6945,10
0.48,0.021879,0.007210,0.992790,0.978194,0.185680,0.992790,0.312848,1377,269974,6039,10
0.49,0.018702,0.007210,0.992790,0.981355,0.210583,0.992790,0.347464,1377,270851,5162,10
0.50,0.015992,0.007210,0.992790,0.984052,0.237783,0.992790,0.383672,1377,271599,4414,10
0.51,0.013615,0.007210,0.992790,0.986417,0.268160,0.992790,0.422263,1377,272255,3758,10
0.52,0.011463,0.007210,0.992790,0.988558,0.303237,0.992790,0.464575,1377,272849,3164,10
0.53,0.009590,0.007210,0.992790,0.990422,0.342197,0.992790,0.508963,1377,273366,2647,10
0.54,0.008079,0.007210,0.992790,0.991925,0.381758,0.992790,0.551462,1377,273783,2230,10
0.55,0.006583,0.007210,0.992790,0.993414,0.431121,0.992790,0.601179,1377,274196,1817,10
0.56,0.005402,0.007210,0.992790,0.994589,0.480126,0.992790,0.647239,1377,274522,1491,10
0.57,0.004427,0.007210,0.992790,0.995559,0.529819,0.992790,0.690918,1377,274791,1222,10
0.58,0.003518,0.007210,0.992790,0.996464,0.586457,0.992790,0.737349,1377,275042,971,10
0.59,0.002888,0.007210,0.992790,0.997091,0.633395,0.992790,0.773378,1377,275216,797,10
0.60,0.002297,0.008652,0.991348,0.997671,0.684420,0.991348,0.809776,1375,275379,634,12
0.61,0.001848,0.008652,0.991348,0.998118,0.729443,0.991348,0.840465,1375,275503,510,12
0.62,0.001460,0.008652,0.991348,0.998504,0.773341,0.991348,0.868878,1375,275610,403,12
0.63,0.001130,0.008652,0.991348,0.998832,0.815056,0.991348,0.894600,1375,275701,312,12
0.64,0.000870,0.008652,0.991348,0.999092,0.851393,0.991348,0.916056,1375,275773,240,12
0.65,0.000659,0.010094,0.989906,0.999293,0.882958,0.989906,0.933379,1373,275831,182,14
0.66,0.000471,0.011536,0.988464,0.999474,0.913391,0.988464,0.949446,1371,275883,130,16
0.67,0.000351,0.012978,0.987022,0.999585,0.933834,0.987022,0.959692,1369,275916,97,18
0.68,0.000264,0.013699,0.986301,0.999668,0.949341,0.986301,0.967468,1368,275940,73,19
0.69,0.000210,0.013699,0.986301,0.999722,0.959327,0.986301,0.972627,1368,275955,58,19
0.70,0.000149,0.015141,0.984859,0.999776,0.970860,0.984859,0.977810,1366,275972,41,21
0.71,0.000116,0.016583,0.983417,0.999802,0.977077,0.983417,0.980237,1364,275981,32,23
0.72,0.000098,0.020187,0.979813,0.999802,0.980519,0.979813,0.980166,1359,275986,27,28
0.73,0.000069,0.023071,0.976929,0.999816,0.986172,0.976929,0.981528,1355,275994,19,32
0.74,0.000062,0.025234,0.974766,0.999813,0.987582,0.974766,0.981132,1352,275996,17,35
0.75,0.000062,0.028118,0.971882,0.999798,0.987546,0.971882,0.979651,1348,275996,17,39
0.76,0.000058,0.036049,0.963951,0.999762,0.988174,0.963951,0.975912,1337,275997,16,50
0.77,0.000054,0.041096,0.958904,0.999740,0.988848,0.958904,0.973646,1330,275998,15,57
0.78,0.000051,0.045422,0.954578,0.999722,0.989537,0.954578,0.971743,1324,275999,14,63
0.79,0.000051,0.049748,0.950252,0.999701,0.989489,0.950252,0.969474,1318,275999,14,69
0.80,0.000047,0.054795,0.945205,0.999679,0.990181,0.945205,0.967171,1311,276000,13,76
0.81,0.000047,0.067772,0.932228,0.999614,0.990046,0.932228,0.960267,1293,276000,13,94
0.82,0.000047,0.078587,0.921413,0.999560,0.989930,0.921413,0.954444,1278,276000,13,109
0.83,0.000047,0.093006,0.906994,0.999488,0.989772,0.906994,0.946576,1258,276000,13,129
0.84,0.000043,0.103821,0.896179,0.999438,0.990438,0.896179,0.940954,1243,276001,12,144
0.85,0.000040,0.126893,0.873107,0.999326,0.990998,0.873107,0.928325,1211,276002,11,176
0.86,0.000040,0.149964,0.850036,0.999211,0.990756,0.850036,0.915017,1179,276002,11,208
0.87,0.000040,0.172314,0.827686,0.999099,0.990509,0.827686,0.901807,1148,276002,11,239
0.88,0.000036,0.202596,0.797404,0.998951,0.991039,0.797404,0.883740,1106,276003,10,281
0.89,0.000025,0.231435,0.768565,0.998818,0.993476,0.768565,0.866667,1066,276006,7,321
0.90,0.000022,0.268926,0.731074,0.998634,0.994118,0.731074,0.842543,1014,276007,6,373
0.91,0.000007,0.315789,0.684211,0.998414,0.997897,0.684211,0.811805,949,276011,2,438
0.92,0.000000,0.385004,0.614996,0.998075,1.000000,0.614996,0.761607,853,276013,0,534
0.93,0.000000,0.463590,0.536410,0.997682,1.000000,0.536410,0.698264,744,276013,0,643
0.94,0.000000,0.576784,0.423216,0.997116,1.000000,0.423216,0.594732,587,276013,0,800
0.95,0.000000,0.706561,0.293439,0.996467,1.000000,0.293439,0.453735,407,276013,0,980
